Marital status,Course,Previous qualification,Mother's qualification,Father's qualification,Displaced,Educational special needs,Gender,Age at enrollment,International,Target
1,2,1,13,10,1,0,1,20,0,1
1,11,1,1,3,1,0,1,19,0,0
1,5,1,22,27,1,0,1,19,0,1
1,15,1,23,27,1,0,0,20,0,0
2,3,1,22,28,0,0,0,45,0,0
2,17,12,22,27,0,0,1,50,0,0
1,12,1,13,28,1,0,0,18,0,0
1,11,1,22,27,1,0,1,22,0,1
1,10,1,1,1,0,0,0,21,1,0
1,10,1,1,14,1,0,0,18,0,1
1,14,1,23,14,1,0,0,18,0,0
1,12,1,13,28,1,0,0,18,0,0
1,16,1,13,27,1,0,0,19,0,1
1,11,16,1,1,1,0,0,21,0,0
1,6,1,23,27,1,0,0,18,0,0
1,15,1,13,27,1,0,0,20,0,1
1,12,1,13,1,1,0,0,18,0,0
1,8,1,3,14,1,0,0,20,0,0
1,2,1,1,1,0,0,0,21,0,0
1,12,1,13,14,1,0,0,18,0,0
1,14,1,1,28,1,0,0,19,0,0
1,12,1,13,14,0,0,0,19,0,0
1,10,1,13,28,1,0,0,21,0,0
1,9,1,13,1,1,0,0,20,0,0
1,5,1,27,3,1,0,1,20,0,0
1,3,1,13,1,1,0,0,19,0,0
1,17,1,2,27,0,0,1,34,0,0
1,1,1,23,27,0,0,1,37,0,1
1,7,8,19,27,1,0,1,43,0,1
1,9,1,22,27,0,0,0,55,0,1
4,17,1,13,14,1,0,0,39,0,0
1,8,14,4,4,0,0,0,20,1,1
1,15,1,3,3,0,0,0,18,0,1
1,9,1,3,14,1,0,0,22,0,0
1,12,1,1,3,1,1,0,22,0,0
1,15,1,1,28,0,0,0,20,0,1
1,17,1,22,27,0,0,0,29,0,1
1,10,1,13,14,1,0,0,18,0,0
1,12,1,22,14,1,0,0,22,0,0
1,3,14,1,14,0,0,0,21,0,0
1,10,1,22,28,0,0,0,19,0,0
1,11,1,13,28,0,0,0,24,0,0
1,8,1,22,27,0,0,0,19,0,0
1,17,1,23,28,0,0,0,27,0,1
1,12,1,1,14,1,0,0,18,0,0
2,11,3,1,3,0,0,0,39,0,1
1,8,15,3,3,1,0,0,27,0,1
1,12,1,23,28,1,0,0,18,0,0
1,12,1,13,14,0,0,0,18,0,0
1,10,14,13,1,0,0,0,21,0,0
4,12,12,1,1,1,0,1,29,0,1
1,2,1,13,14,1,0,1,19,0,0
1,4,14,13,27,1,0,1,23,0,0
1,9,1,1,28,0,0,1,19,0,1
1,12,1,22,14,0,0,1,24,0,0
1,2,1,13,14,1,0,1,19,0,1
1,11,1,23,27,1,0,1,18,0,1
1,15,1,23,28,1,0,1,18,0,0
1,9,1,13,14,1,0,1,18,0,1
1,11,1,13,27,1,0,1,21,0,1
1,15,1,1,14,1,0,1,19,0,0
1,12,1,23,27,0,0,1,22,0,0
2,3,1,22,27,0,0,1,33,0,0
1,16,1,13,14,1,0,1,20,0,1
1,17,2,3,3,1,0,1,35,0,1
1,4,4,3,3,0,0,1,24,0,1
2,3,1,22,27,1,0,0,33,0,0
1,12,1,22,28,1,0,0,22,0,0
1,14,1,1,14,0,0,0,25,0,0
1,5,1,13,28,1,0,1,20,0,0
1,12,1,1,1,0,0,1,24,0,1
1,15,1,13,1,1,0,0,21,1,0
1,8,1,1,1,0,0,0,26,1,1
2,16,8,22,24,0,0,0,39,0,1
2,3,1,22,14,0,0,0,44,0,0
1,15,1,22,1,1,0,0,18,0,0
1,12,1,22,27,1,0,0,18,0,0
1,12,1,3,3,1,0,0,19,0,1
1,6,16,23,28,0,0,0,21,0,1
1,2,1,1,1,1,0,0,20,0,0
2,3,1,22,27,1,0,0,36,0,1
4,4,9,22,27,0,0,0,43,0,0
1,16,1,13,14,1,0,0,19,0,1
1,5,1,3,1,0,0,0,20,0,0
1,10,1,22,28,1,0,0,19,0,1
1,6,1,1,1,1,0,0,20,0,1
1,12,1,3,4,1,0,0,20,0,1
1,10,1,22,27,1,0,0,18,0,0
1,6,1,13,14,1,0,0,19,0,0
1,15,1,1,28,1,0,0,18,0,0
1,12,1,22,27,1,0,0,18,0,1
1,6,1,22,28,0,0,0,18,0,0
1,9,1,2,14,0,0,0,18,0,0
1,11,1,1,1,1,0,0,21,0,1
1,9,1,13,14,1,0,0,19,0,0
1,2,1,3,14,0,0,0,19,0,1
1,14,1,23,28,0,0,0,19,0,0
1,6,1,13,28,1,0,0,19,0,0
1,13,1,1,1,1,0,0,19,0,1
1,6,14,22,27,1,0,0,20,0,0
1,10,1,1,29,1,0,0,18,0,0
1,12,1,1,27,1,0,0,19,0,0
1,12,1,13,14,1,0,0,18,0,1
1,5,1,22,27,1,0,0,18,0,0
1,9,1,1,14,1,0,0,19,0,0
1,12,1,1,14,1,0,0,19,0,1
1,10,1,23,27,0,0,0,20,0,0
1,14,1,1,28,0,0,0,19,0,1
1,14,1,13,14,1,0,0,20,0,0
1,15,1,1,1,0,0,0,18,0,0
1,12,1,13,1,0,0,0,18,0,0
1,12,1,22,27,1,0,0,19,0,0
1,15,1,13,1,1,0,0,19,0,0
1,10,1,1,10,1,0,0,19,0,0
1,12,1,13,14,1,0,0,19,0,0
1,16,1,22,28,1,0,0,19,0,0
1,11,1,10,14,1,0,0,19,0,1
1,11,1,1,27,1,0,0,20,0,1
1,9,1,3,14,0,0,0,18,0,0
1,12,1,1,14,0,0,0,20,0,0
1,6,1,1,28,0,0,0,19,0,0
1,16,1,22,27,1,0,0,18,0,0
1,16,1,3,27,1,0,0,21,0,1
1,16,1,23,27,0,0,0,19,0,1
1,9,1,23,28,0,0,0,18,0,0
1,10,1,1,27,1,0,0,18,0,0
1,10,1,13,1,1,0,0,20,0,0
1,3,1,1,14,0,0,0,24,0,0
1,14,1,13,1,0,0,0,19,0,1
1,12,1,13,27,1,0,0,18,0,0
1,12,1,13,14,1,0,0,18,0,0
1,16,1,10,10,1,0,0,21,0,1
1,14,1,1,14,0,0,0,19,0,0
1,15,1,13,27,0,0,0,19,0,0
1,10,1,13,14,0,0,0,19,0,0
1,12,3,2,2,0,0,0,29,0,0
1,10,1,13,14,1,0,0,21,0,1
1,13,1,22,27,0,0,0,20,0,0
1,12,1,2,28,1,0,0,19,0,0
1,3,1,13,2,0,0,0,26,0,0
1,11,1,22,27,1,0,0,20,0,1
1,16,1,22,14,0,0,0,27,0,0
1,12,1,19,24,1,0,0,20,0,1
1,16,1,22,14,1,0,0,18,0,1
1,12,3,1,1,0,0,0,33,0,1
1,16,1,3,1,1,0,0,35,0,0
1,15,12,13,14,0,0,0,27,0,1
1,5,1,1,27,1,0,0,19,0,1
1,11,1,1,14,0,0,0,20,0,1
1,9,1,3,3,1,0,0,20,0,1
1,12,1,23,1,1,0,0,18,0,0
1,6,1,1,14,1,0,0,24,0,1
1,5,1,1,3,1,0,0,20,0,0
1,11,1,13,28,0,0,0,21,0,0
1,9,1,10,3,1,0,0,24,0,1
1,16,1,1,1,0,0,0,21,0,1
1,12,1,23,28,1,0,0,18,0,0
1,17,15,13,1,1,0,0,27,0,1
1,12,1,22,27,1,0,0,18,0,0
1,7,3,3,2,0,0,0,35,0,1
1,16,1,13,14,0,0,0,18,0,0
1,6,1,1,1,1,0,0,19,0,0
1,10,1,13,14,1,0,0,20,0,0
1,12,1,13,14,1,0,0,18,0,0
1,10,14,23,28,0,0,0,21,0,0
1,10,1,13,27,0,0,0,18,0,0
1,10,1,19,24,1,0,0,18,0,0
1,12,1,13,28,1,0,0,18,0,0
1,15,1,3,14,1,0,0,18,0,0
1,6,1,13,1,1,0,0,19,0,0
1,11,12,3,14,0,0,0,36,0,1
1,12,1,23,1,1,0,0,18,0,0
1,12,1,22,27,0,0,0,18,0,0
1,8,1,1,3,1,0,0,20,0,0
1,17,1,22,27,0,0,0,26,0,1
1,15,1,1,1,0,0,0,21,0,0
1,9,1,13,3,1,0,0,19,0,0
1,3,1,13,27,1,0,0,24,0,1
1,3,1,1,14,0,0,0,27,0,1
1,6,1,13,27,0,0,0,21,0,1
1,9,1,23,28,0,0,0,18,0,0
2,16,1,22,27,0,1,0,19,0,0
1,11,1,1,1,1,0,0,18,0,1
1,12,1,13,1,0,0,0,19,0,0
1,12,1,1,28,1,0,0,19,0,0
2,17,17,25,5,0,0,0,33,0,0
2,9,3,1,4,0,0,0,45,0,0
1,10,1,1,1,0,0,0,20,0,0
1,14,1,19,24,1,0,0,28,0,1
1,12,1,1,1,1,0,0,19,0,0
1,11,1,1,27,1,0,0,18,0,0
1,11,3,13,14,0,0,0,38,0,1
1,14,1,1,3,0,0,0,19,0,0
1,11,1,1,27,0,0,0,21,0,0
1,9,1,22,1,0,0,0,21,0,1
1,10,1,23,27,0,0,0,22,0,0
1,16,1,13,14,0,0,0,18,0,0
1,10,1,22,27,0,1,0,18,0,0
1,8,1,13,1,1,0,0,25,0,1
1,6,12,13,14,0,0,0,24,0,1
1,9,1,22,14,1,0,0,20,0,0
1,9,1,22,1,0,0,0,25,0,1
1,9,1,23,14,0,0,0,20,0,0
1,12,3,13,28,0,0,0,23,0,0
1,12,1,13,27,1,0,0,19,0,0
1,4,14,22,27,0,0,0,29,0,1
1,11,1,13,27,1,0,0,21,0,0
1,14,1,13,1,1,0,0,18,0,0
1,15,1,23,27,1,0,0,18,0,1
1,6,1,7,14,0,0,0,19,0,0
1,9,1,1,1,0,0,0,18,0,0
2,13,12,23,27,1,0,0,37,0,1
1,17,15,22,27,0,0,0,29,0,0
1,10,1,1,1,1,0,0,19,0,0
1,10,1,1,1,1,0,0,22,0,1
1,11,1,22,28,0,0,0,20,0,0
1,3,1,22,27,0,0,0,34,0,1
1,7,1,22,28,0,0,0,30,0,1
1,10,1,1,1,0,0,0,18,0,0
1,10,1,23,14,0,0,0,18,0,0
1,15,1,3,1,1,0,0,18,0,0
1,12,1,4,1,1,0,0,18,0,0
1,15,1,23,28,1,0,0,19,0,0
1,5,1,22,27,1,0,0,19,0,0
1,12,1,1,1,0,0,0,18,0,0
1,4,14,22,28,0,0,0,21,0,0
1,9,1,1,14,1,0,0,20,0,1
1,9,1,10,14,1,0,0,20,0,0
1,12,1,5,1,0,0,0,19,0,0
1,10,1,1,28,0,0,0,20,0,0
1,12,1,10,1,1,0,0,18,0,0
1,16,1,22,28,0,0,0,20,0,1
2,8,3,5,4,0,0,0,29,0,1
1,12,1,13,14,1,0,0,20,0,0
1,9,1,23,27,1,0,0,22,0,0
4,3,1,24,14,1,0,0,47,0,0
2,17,1,22,27,0,0,0,31,0,0
1,5,1,13,27,0,0,0,21,0,0
1,3,1,23,28,0,0,0,21,0,0
2,15,9,1,1,0,0,0,24,0,0
1,3,11,19,1,0,0,0,32,0,0
1,3,1,3,1,1,0,0,19,0,0
1,12,1,3,3,1,0,0,24,0,0
1,6,1,13,14,1,0,0,19,0,0
1,4,14,13,27,0,0,0,19,0,0
1,10,1,13,14,1,0,0,18,0,0
1,5,1,23,27,1,0,0,19,0,1
2,12,1,3,28,0,0,0,19,0,0
1,15,1,13,28,1,0,0,18,0,0
1,10,1,1,1,1,0,0,18,0,0
1,13,1,1,1,1,0,0,20,0,0
1,12,1,13,28,0,0,0,18,0,0
1,14,1,23,28,1,0,0,18,0,0
1,6,1,23,27,1,0,0,21,0,0
1,12,1,13,14,0,0,0,18,0,0
1,14,1,13,14,0,0,0,18,0,1
1,10,1,1,9,1,0,0,19,0,1
1,14,1,1,14,1,0,0,18,0,0
1,8,3,3,1,1,0,0,34,0,1
1,6,1,9,9,0,0,0,19,0,0
1,8,14,22,27,1,0,0,19,0,1
1,10,1,3,14,0,0,0,26,0,0
1,16,1,19,24,1,0,0,21,0,1
1,9,1,13,14,0,0,0,18,0,0
1,16,1,23,28,1,0,0,20,0,0
1,9,1,1,1,0,0,0,25,0,1
1,9,1,1,28,0,0,0,18,0,0
1,12,1,13,14,1,0,0,18,0,0
1,12,1,26,14,0,0,0,19,0,0
1,10,1,13,28,0,0,0,18,0,0
1,6,15,13,14,0,0,0,26,0,1
1,12,1,22,27,1,0,0,19,0,0
1,12,1,1,1,0,0,0,19,0,0
1,9,1,22,27,0,0,0,19,0,0
1,11,1,13,14,1,0,0,18,0,0
1,12,6,1,27,1,0,0,19,0,0
1,10,1,1,1,0,0,0,18,0,0
1,7,14,13,27,0,0,0,26,0,1
1,10,1,23,28,1,0,0,20,0,0
1,3,1,22,28,0,0,0,19,0,0
1,10,1,19,27,1,0,0,18,0,0
1,10,14,23,27,0,0,0,19,0,0
1,16,15,26,3,0,0,0,40,0,0
1,12,1,23,28,1,0,0,18,0,0
1,10,1,3,1,0,0,0,19,0,0
1,8,1,2,7,0,0,0,18,0,0
1,2,1,3,3,1,0,0,18,0,1
2,3,1,22,27,1,0,0,33,0,0
1,4,3,3,3,0,0,0,35,0,0
1,15,1,13,14,1,0,0,18,0,0
4,17,1,22,27,0,0,0,39,0,0
2,10,1,22,27,0,0,0,44,0,0
1,11,1,13,14,1,0,0,24,0,1
1,15,1,13,14,0,0,0,20,0,0
1,2,1,1,1,1,0,0,19,0,1
2,12,1,22,28,0,0,0,18,0,0
1,11,1,13,14,0,0,0,22,0,1
1,6,1,13,1,1,0,0,18,0,0
1,12,12,23,27,0,0,0,24,0,0
1,17,1,22,27,0,0,0,33,0,1
1,6,17,3,29,0,0,0,26,0,1
1,16,1,13,28,1,0,0,18,0,0
1,15,1,22,28,0,0,0,19,0,1
1,6,16,13,27,1,0,0,22,0,0
1,6,1,22,28,1,0,0,21,0,0
1,12,1,13,28,1,0,0,21,0,0
1,16,1,23,27,1,0,0,19,0,0
1,12,1,13,14,1,0,0,18,0,1
2,3,1,22,29,0,0,0,50,0,0
1,15,1,1,14,0,0,0,19,0,0
4,17,1,1,27,0,0,0,35,0,0
2,6,12,23,28,0,0,0,31,0,1
1,9,1,22,27,1,0,0,34,0,1
1,12,1,1,1,1,0,0,18,0,0
4,12,12,23,14,0,0,0,26,0,1
1,16,1,13,14,0,0,0,19,0,0
1,9,16,3,4,0,0,0,20,0,0
1,10,1,19,24,0,0,0,19,0,0
1,16,1,22,27,0,0,0,18,0,0
1,17,3,22,27,0,0,0,28,0,0
1,3,14,22,27,0,0,0,21,0,0
1,15,1,18,27,1,0,0,18,0,1
1,6,1,1,1,0,0,0,20,0,1
1,6,1,1,14,0,0,0,18,0,0
1,12,1,1,1,1,0,0,19,0,0
1,10,1,3,14,1,0,0,20,0,0
1,6,14,23,27,1,0,0,22,0,0
1,14,1,22,14,1,0,0,18,0,1
1,9,1,23,27,1,0,0,19,0,1
1,12,1,22,27,1,0,0,19,0,0
1,2,1,1,14,1,0,0,18,0,0
1,5,15,1,14,1,0,0,21,0,0
1,17,15,1,14,0,0,0,27,0,0
1,10,1,1,14,0,0,0,19,0,0
4,6,1,19,24,0,0,0,25,0,1
1,12,1,13,14,1,0,0,18,0,0
1,12,3,13,1,0,0,0,24,0,0
1,12,1,1,1,1,0,0,20,0,0
1,17,15,22,27,0,0,0,26,0,0
1,10,1,1,28,1,0,0,20,0,0
1,6,1,22,27,0,0,0,18,0,0
1,6,1,1,1,1,0,0,19,0,0
1,16,1,13,14,1,0,0,23,0,1
1,12,1,22,27,1,0,0,18,0,0
1,12,1,1,14,0,0,0,18,0,1
1,12,1,2,1,0,0,0,19,0,0
1,17,1,1,2,0,0,0,30,0,0
1,6,14,1,2,1,0,0,29,0,1
1,12,1,3,1,1,0,0,19,0,0
1,13,1,13,2,1,0,0,20,0,0
1,12,1,22,27,0,0,0,20,0,0
1,14,1,23,28,1,0,0,19,0,0
3,6,1,13,1,1,0,0,21,0,1
1,14,1,13,28,0,0,0,19,0,0
1,12,1,22,28,1,0,0,18,0,0
1,3,1,22,27,0,0,0,27,0,0
1,9,1,23,28,1,0,0,19,0,0
1,12,1,1,1,0,0,0,19,0,1
1,15,1,1,14,1,0,0,19,0,0
1,12,1,13,14,1,0,0,18,0,0
1,14,1,13,27,0,0,0,18,0,0
1,14,1,7,1,1,0,0,19,0,1
2,12,12,22,27,1,0,0,36,0,0
1,12,1,13,28,1,0,0,19,0,0
1,12,1,13,14,1,0,0,18,0,0
1,14,1,13,14,0,0,0,18,0,0
1,10,1,22,14,1,0,0,19,0,0
1,12,1,3,1,0,0,0,19,0,0
1,12,1,1,14,1,0,0,18,0,1
1,15,1,1,14,1,0,0,20,0,0
1,12,1,23,27,1,0,0,20,0,0
1,12,1,22,27,1,0,0,18,0,0
1,12,1,13,14,1,0,0,18,0,0
1,6,1,13,27,0,0,0,19,0,0
2,3,1,19,24,0,0,0,44,0,0
1,4,3,23,27,0,0,0,32,0,1
1,16,1,22,14,0,0,0,22,0,1
2,4,1,1,14,1,0,0,36,0,0
1,15,1,22,27,0,0,0,18,0,0
1,8,1,3,3,1,0,0,20,0,0
1,5,1,13,14,0,0,0,20,0,0
1,10,1,3,1,0,0,0,19,0,0
1,9,12,3,1,1,0,0,24,0,0
1,3,1,3,3,0,0,0,27,0,1
1,10,1,19,24,0,0,0,23,0,0
1,12,1,13,28,1,0,0,18,0,0
1,10,1,22,27,1,0,0,18,0,0
1,12,1,1,27,1,0,0,20,0,0
1,11,1,13,28,0,0,0,20,0,0
1,14,1,23,14,0,0,0,23,0,1
1,12,1,13,14,1,0,0,20,0,0
1,11,7,19,24,1,0,0,28,0,1
1,14,1,1,14,1,0,0,21,0,0
1,13,1,13,14,1,0,0,21,0,1
1,12,3,19,24,0,0,0,28,0,1
1,12,1,3,1,0,1,0,18,0,0
1,12,1,1,1,0,0,0,19,0,0
1,12,1,1,14,1,0,0,18,0,0
1,12,1,3,1,0,0,0,19,0,1
1,12,1,1,14,1,0,0,20,0,0
1,16,1,1,27,0,0,0,18,0,0
1,14,1,23,14,1,0,0,20,0,1
1,14,1,1,14,0,0,0,31,0,1
1,12,1,22,27,1,0,0,19,0,0
1,12,1,23,28,1,0,0,19,0,0
1,5,1,13,1,0,0,0,23,0,0
1,14,1,22,27,0,0,0,19,0,0
1,12,1,1,3,1,0,0,20,0,0
1,8,3,13,27,0,0,0,27,0,1
1,13,12,22,28,0,0,0,29,0,1
1,11,1,1,14,1,0,0,18,0,0
1,5,1,13,28,0,0,0,18,0,0
1,12,1,23,28,0,0,0,18,0,0
1,11,1,23,28,1,0,0,18,0,0
1,6,3,3,3,0,0,0,28,0,1
1,12,1,22,1,1,0,0,18,0,0
1,15,1,13,1,1,0,0,18,0,0
1,8,1,5,5,0,0,0,18,0,1
1,9,1,1,14,0,1,0,21,0,1
2,3,1,19,24,0,0,0,32,0,1
1,14,1,19,24,0,0,0,28,0,0
1,17,1,22,14,0,0,0,40,0,1
2,3,1,22,27,0,0,0,39,0,1
2,10,1,22,27,0,0,0,39,0,1
2,4,1,22,14,0,0,0,50,0,0
1,16,1,1,1,1,0,0,23,0,1
4,3,12,19,24,0,0,0,48,0,1
1,16,1,22,27,1,0,0,23,0,1
1,12,1,22,1,1,0,0,18,0,0
1,8,1,3,14,0,0,0,18,0,0
1,10,1,3,27,1,0,0,20,1,0
1,6,1,1,1,1,0,0,18,1,0
1,13,1,5,3,1,0,0,18,1,1
1,7,1,1,1,0,0,1,31,0,1
1,2,1,3,1,1,0,1,24,0,0
1,9,1,22,27,0,0,1,26,0,1
1,8,1,3,3,1,0,1,18,0,1
1,14,1,13,27,1,0,1,22,0,1
1,12,1,4,2,1,0,1,18,0,0
1,5,14,1,14,0,0,1,20,0,1
1,2,14,4,4,0,0,1,25,0,0
1,17,1,3,3,1,0,1,24,0,0
1,7,1,3,3,1,0,1,27,0,1
1,11,1,3,14,0,0,1,21,0,0
1,4,14,13,28,1,0,1,21,0,0
1,15,1,13,1,1,0,1,19,0,1
1,12,1,13,14,0,0,1,28,0,0
1,4,14,1,14,0,0,1,21,0,0
1,12,1,1,1,0,0,1,18,0,0
1,9,1,13,28,1,0,1,19,0,0
1,7,1,10,14,1,0,1,19,0,1
1,15,12,13,1,1,0,1,25,0,1
1,5,1,10,10,0,0,1,21,0,1
1,7,1,1,2,1,0,1,19,0,1
1,9,1,1,1,0,0,1,20,0,1
1,4,14,3,2,0,0,1,25,0,1
1,2,1,22,27,1,0,1,18,0,0
1,12,1,1,3,1,0,1,23,0,0
1,4,16,3,28,0,0,1,21,0,0
1,17,1,1,1,0,0,1,25,0,1
1,8,1,13,28,1,0,1,18,0,0
1,5,6,1,1,1,0,1,22,0,0
1,14,1,13,14,0,0,1,27,0,0
1,4,12,4,1,0,0,1,25,0,1
1,7,1,19,26,1,0,1,18,0,1
1,6,1,23,14,0,0,1,20,0,0
1,4,1,3,4,0,0,1,27,0,0
1,3,1,1,1,0,0,1,20,0,0
1,9,1,23,27,1,0,1,22,0,1
1,7,1,13,3,1,0,1,19,0,1
1,2,1,13,10,0,0,1,19,0,0
2,6,7,1,1,1,0,1,29,0,1
1,12,1,3,1,0,0,1,19,0,0
2,10,1,22,27,0,0,0,20,0,0
1,5,1,22,27,1,0,0,20,0,0
1,3,1,19,5,1,0,0,31,0,1
1,12,1,10,1,1,0,0,18,0,0
1,9,1,22,28,1,0,0,18,0,0
1,11,1,22,27,0,0,0,19,0,0
1,9,1,1,14,0,0,0,18,0,0
1,6,1,23,14,0,0,0,19,0,0
1,15,1,23,28,1,0,0,18,0,0
1,11,1,22,27,1,0,0,19,0,0
1,13,1,22,1,0,0,0,19,0,0
1,14,1,13,1,1,0,0,18,0,0
1,14,14,22,1,0,0,0,20,0,0
1,17,3,22,27,0,0,0,29,0,1
1,16,1,23,10,0,0,0,20,0,1
4,16,1,22,1,0,0,0,31,0,1
1,14,1,13,27,0,1,0,20,0,0
1,4,1,23,27,1,0,0,21,0,0
1,8,3,13,28,1,0,0,23,0,1
1,5,1,13,28,0,0,0,21,0,1
1,12,15,1,1,0,0,0,24,0,0
1,3,1,1,1,0,0,0,27,0,0
1,12,1,1,27,0,0,0,18,0,0
1,2,1,7,1,1,0,0,21,0,1
1,8,1,13,3,1,0,0,19,0,1
1,12,1,23,14,1,0,0,19,0,0
1,6,1,13,28,0,0,0,18,0,1
1,16,1,22,27,1,0,0,20,0,0
2,3,1,1,27,1,0,0,24,0,0
1,5,1,1,1,1,0,0,20,0,0
1,12,1,13,27,1,0,0,19,0,0
1,12,1,1,27,1,0,0,18,0,0
1,10,3,22,27,1,0,0,20,0,0
1,12,1,22,27,1,0,0,20,0,0
1,12,1,13,27,1,0,0,19,0,0
1,15,1,3,14,1,0,0,20,0,0
1,9,1,1,28,1,0,0,19,0,1
1,16,1,23,28,1,0,0,19,0,1
1,12,1,23,27,1,0,0,18,0,0
1,5,1,23,27,0,0,0,23,0,1
1,16,1,13,14,1,0,0,21,0,1
1,3,14,22,28,1,0,0,23,0,0
1,12,1,13,27,1,0,0,19,0,0
1,15,1,1,28,1,0,0,18,0,0
1,15,1,13,27,1,1,0,19,0,0
1,12,1,13,27,0,0,0,25,0,0
1,12,1,1,14,0,0,0,19,0,0
1,13,1,23,28,0,0,0,24,0,0
1,14,1,22,27,1,0,0,18,0,0
1,10,1,22,27,1,0,0,19,0,0
1,12,1,22,27,0,0,0,18,0,0
1,10,1,1,1,0,0,0,19,0,0
1,15,1,1,1,0,0,0,18,0,1
2,14,1,22,27,0,0,0,34,0,1
1,15,1,23,28,1,0,0,20,0,1
2,17,3,13,14,0,0,0,26,0,0
1,13,1,1,14,0,0,0,27,0,0
1,14,1,1,28,1,0,0,20,0,0
1,10,1,13,1,1,0,0,18,0,0
1,12,12,1,5,0,0,0,24,0,0
1,10,14,23,28,1,0,0,19,0,0
1,15,1,13,28,0,0,0,19,0,0
1,3,1,1,28,0,0,0,22,0,0
1,5,1,1,14,0,0,0,20,0,0
1,4,1,13,14,0,0,0,25,0,1
1,4,14,1,3,0,0,0,21,0,0
1,15,1,1,14,1,0,0,18,0,0
1,14,1,22,27,1,0,0,18,0,0
1,12,1,3,3,1,0,1,19,0,0
1,6,1,3,3,1,0,0,19,1,0
1,15,1,22,28,1,0,0,18,0,1
1,10,14,23,28,1,0,0,20,0,0
1,12,1,1,14,1,0,0,19,0,1
1,12,1,13,27,1,0,0,28,0,0
1,10,1,22,1,1,0,0,20,0,0
1,3,1,22,28,1,0,0,30,0,1
1,12,1,1,14,1,0,0,19,0,0
1,5,1,13,14,1,0,0,22,0,0
1,11,1,23,28,1,0,0,18,0,0
1,16,1,22,27,1,0,0,23,0,1
1,5,1,1,14,1,0,0,18,0,0
2,15,12,22,27,0,0,1,50,0,1
1,2,1,3,3,1,0,0,19,1,0
1,11,1,13,28,1,0,0,22,1,0
1,10,14,1,1,0,0,0,23,1,0
1,6,1,1,1,0,0,0,20,0,1
4,10,12,22,27,0,0,0,44,0,1
4,4,12,22,27,0,0,1,49,0,0
2,17,1,22,27,0,0,1,46,0,0
1,6,14,22,27,1,0,1,41,0,1
1,12,1,23,14,1,0,1,18,0,0
3,17,1,22,1,0,0,1,43,0,0
4,9,12,22,27,0,0,1,70,0,1
4,8,12,22,28,0,0,1,48,0,1
2,4,1,22,27,0,0,1,41,0,0
1,1,1,23,27,0,0,1,35,1,1
2,8,12,2,1,1,0,1,44,0,0
1,9,1,3,1,1,0,1,18,0,1
2,3,1,22,27,1,0,1,45,0,0
1,4,14,1,28,1,0,1,22,0,0
1,7,1,22,28,0,0,1,39,0,1
2,9,12,22,14,0,0,1,49,0,1
1,13,4,5,5,1,0,1,43,0,1
2,17,1,22,27,1,0,1,32,0,1
1,10,9,22,27,0,0,1,47,0,0
5,17,1,22,27,0,0,1,37,0,1
2,3,1,13,1,0,0,1,41,0,0
2,4,1,22,27,0,0,1,60,0,0
2,11,1,1,14,0,0,1,47,0,0
1,3,1,22,9,0,0,1,50,0,1
2,17,12,23,28,1,0,1,45,0,1
1,7,1,22,27,0,0,1,45,0,1
2,6,1,22,27,0,0,1,33,0,0
1,12,1,3,3,0,0,1,18,0,0
2,6,1,22,27,0,0,1,43,0,0
1,3,1,13,27,0,0,1,44,0,0
1,8,7,19,26,0,0,1,29,0,1
4,14,1,2,1,0,0,1,53,0,1
1,1,12,23,28,0,0,1,35,0,1
1,2,1,13,28,1,0,1,22,0,0
1,3,1,22,27,0,0,1,33,0,1
1,8,3,22,18,0,0,1,41,0,1
4,12,3,22,28,0,0,1,51,0,0
1,14,1,10,5,0,0,1,19,0,0
1,17,1,22,27,0,0,1,35,0,1
1,2,1,13,1,1,0,1,20,1,0
1,15,1,13,27,0,0,1,18,0,1
1,4,14,2,1,0,0,1,21,0,0
1,11,1,1,14,1,0,1,21,0,0
2,9,1,13,27,0,0,1,34,0,0
4,8,1,22,27,1,0,1,34,0,1
1,14,1,3,3,1,0,1,21,0,0
1,11,1,22,27,1,0,1,30,0,1
1,15,1,1,14,1,0,1,20,0,1
1,5,1,13,14,1,0,1,18,0,1
1,11,1,3,3,0,0,1,19,0,0
1,12,1,3,3,1,0,1,18,0,1
1,17,1,1,14,0,0,1,27,0,1
1,15,9,1,1,1,0,1,52,0,0
2,4,1,1,1,1,0,1,29,0,1
1,4,14,1,14,1,0,1,22,0,1
1,6,1,23,28,1,0,1,28,1,0
1,14,6,1,1,1,0,1,30,0,1
1,12,1,1,1,1,0,0,18,0,0
1,14,1,23,27,1,0,0,21,0,0
1,5,1,22,27,1,0,0,20,0,0
1,12,1,22,27,1,0,0,21,0,0
2,17,12,13,27,0,0,0,32,0,1
1,5,1,22,27,1,0,1,20,0,0
1,2,1,1,14,1,0,1,19,0,1
1,14,1,1,1,0,0,1,18,1,1
1,17,1,22,2,1,0,1,23,0,1
1,11,1,1,1,1,0,1,20,0,0
2,9,1,22,27,1,0,0,46,0,0
1,4,1,3,3,0,0,1,27,0,0
2,3,12,22,27,1,0,1,41,0,0
2,3,14,1,1,0,0,1,37,0,0
1,17,15,1,27,0,0,0,26,0,0
2,3,1,22,27,0,0,1,54,0,0
1,14,1,13,14,1,0,1,21,0,0
1,6,1,1,1,1,0,0,20,0,0
1,15,1,1,14,1,0,0,18,0,1
1,10,1,23,1,1,0,0,18,0,0
1,6,14,1,1,1,0,0,22,0,1
1,6,1,2,1,0,0,0,19,0,0
1,2,1,3,2,1,0,0,21,0,1
1,15,1,1,14,1,0,0,18,0,0
1,15,1,23,28,1,0,0,18,0,0
1,14,1,1,1,1,0,0,20,0,1
1,12,1,13,27,0,0,0,18,0,0
1,15,1,1,24,1,0,0,20,0,0
1,10,1,1,1,1,0,0,19,0,0
1,5,1,3,3,1,0,0,18,0,0
1,12,1,3,1,0,0,0,18,0,0
1,6,1,22,27,0,0,0,18,0,1
1,2,1,13,1,1,0,0,20,0,0
1,15,1,1,14,0,0,0,19,0,0
1,12,1,3,3,0,0,1,36,0,1
1,10,1,1,30,0,0,0,19,0,0
1,10,1,3,1,1,0,0,18,0,0
1,15,1,13,14,0,0,0,18,0,0
1,15,1,23,28,1,0,0,18,0,0
1,5,1,1,1,1,0,0,19,0,0
1,12,1,1,1,1,0,0,18,0,0
1,8,1,1,27,1,0,0,19,0,0
1,10,1,13,1,1,0,0,18,0,1
1,9,1,13,14,1,0,0,19,0,0
1,15,1,23,28,1,0,0,18,0,0
1,16,1,1,3,0,0,0,19,0,0
1,5,1,1,28,1,0,0,18,0,0
1,15,1,1,3,1,0,0,20,0,1
1,10,1,1,1,1,0,0,22,0,1
1,16,1,13,28,1,0,0,18,0,0
1,12,1,13,28,0,0,0,18,0,0
1,12,1,3,4,0,0,0,18,0,0
1,16,1,13,3,0,0,0,18,0,0
1,5,1,1,1,1,0,0,18,0,0
1,3,1,19,27,1,0,0,25,0,0
1,9,1,13,14,1,0,0,18,0,0
1,2,1,10,14,1,0,0,19,0,0
1,10,1,13,14,1,0,0,20,0,0
1,15,1,1,1,1,0,0,21,0,0
1,14,1,1,3,1,0,0,18,0,0
1,16,1,1,1,1,0,0,18,0,1
1,5,1,1,3,1,0,0,18,0,0
1,12,1,13,14,1,0,0,18,0,0
1,14,1,3,14,0,0,0,19,0,1
1,11,1,24,3,1,0,0,20,0,1
1,10,7,19,24,0,0,0,47,0,1
2,8,1,22,27,0,0,1,31,0,1
2,7,1,22,27,1,0,1,46,0,1
1,7,1,3,3,1,1,1,19,0,1
1,8,14,3,1,0,0,1,22,0,1
1,9,1,23,1,1,0,1,19,0,0
1,9,1,3,3,0,0,0,19,1,1
1,8,1,3,24,0,0,1,29,0,1
1,12,1,22,28,1,0,0,18,0,0
1,10,1,23,24,1,0,0,18,0,0
1,2,1,22,27,1,0,0,23,0,1
2,17,1,1,1,0,0,0,34,0,0
1,9,1,13,14,0,0,0,19,0,0
1,12,1,1,14,0,0,0,20,0,0
1,12,1,3,3,1,0,0,19,0,0
1,10,1,13,14,1,0,0,23,0,0
2,12,1,1,14,0,0,1,34,0,0
1,15,1,1,29,1,1,1,21,0,1
1,10,1,1,14,1,0,1,22,0,1
1,4,9,22,1,0,0,1,28,0,1
1,7,1,13,27,1,0,1,23,0,1
1,15,1,19,28,0,0,1,20,0,1
1,7,1,1,2,1,0,1,18,0,1
1,9,9,13,28,1,0,1,28,0,1
1,5,14,1,14,0,0,1,21,0,1
1,14,1,23,14,0,0,1,25,0,1
1,6,14,1,1,1,1,1,19,0,1
1,12,1,1,1,1,0,1,18,0,0
1,7,3,1,28,0,0,1,29,0,1
1,7,12,22,28,0,0,1,29,0,1
1,11,1,13,14,0,0,1,20,0,0
1,2,1,13,1,0,0,1,18,0,0
1,11,1,1,1,0,0,1,20,0,0
2,7,1,19,24,1,0,1,33,0,1
1,17,1,13,14,0,0,1,30,0,0
1,4,1,1,14,0,0,1,18,0,0
1,12,1,23,28,0,0,1,19,0,0
1,5,1,23,14,0,0,1,21,0,1
1,13,1,13,14,0,0,1,25,0,1
1,14,1,13,14,0,0,1,19,0,0
1,5,14,13,1,1,0,1,23,0,1
1,5,1,23,28,1,0,1,19,0,0
1,2,1,3,2,1,0,1,19,0,0
1,4,1,13,27,0,0,1,31,0,1
1,4,1,22,27,0,0,1,32,0,1
1,12,1,2,28,1,0,0,19,0,0
1,15,6,19,24,1,0,0,34,0,0
1,15,1,23,12,1,0,0,21,0,0
1,10,1,22,27,1,0,0,53,0,0
1,12,1,13,14,0,0,0,19,0,0
1,15,1,23,28,0,0,0,20,0,0
1,15,1,1,14,1,0,0,18,0,0
1,2,1,22,28,0,0,0,32,0,1
1,12,1,22,27,1,0,0,21,0,0
1,3,3,22,10,0,0,0,26,0,1
1,6,14,1,1,1,0,0,26,0,0
2,17,14,1,27,0,0,0,21,0,1
1,15,1,22,27,0,0,0,18,0,0
1,5,14,13,27,1,0,0,21,0,0
1,14,1,13,14,0,0,0,19,0,0
1,9,1,13,14,0,0,0,19,0,1
1,10,1,23,28,0,0,0,19,0,0
1,12,3,22,28,1,0,0,27,0,0
1,12,1,22,1,1,0,0,18,0,0
1,9,1,13,14,1,0,0,20,0,1
1,12,1,1,1,1,0,0,19,0,0
1,14,1,1,1,1,0,0,20,0,1
1,10,1,13,28,1,0,0,19,0,0
1,2,1,23,14,0,0,0,20,0,1
1,16,1,22,27,0,0,0,18,0,0
1,6,1,13,1,1,0,0,20,0,0
2,17,1,22,27,0,0,0,38,0,1
4,3,1,22,27,0,0,0,42,0,0
1,12,1,22,27,0,0,0,32,0,1
1,15,1,13,14,1,0,0,22,1,0
2,17,1,19,24,1,0,0,28,0,1
2,3,7,22,27,1,0,0,37,0,1
2,4,14,22,28,0,0,0,43,0,0
6,3,1,22,1,0,0,0,41,0,0
4,3,12,22,27,0,0,0,29,0,0
1,3,1,22,27,0,0,0,35,0,0
1,10,1,1,3,1,0,0,18,0,1
1,12,12,22,27,0,0,0,39,0,1
1,12,1,22,27,1,0,0,26,0,0
1,6,3,13,15,1,0,0,32,0,1
1,10,1,13,27,1,0,0,19,0,1
1,16,1,13,28,0,0,0,19,0,0
2,14,3,22,27,0,0,0,32,0,0
2,9,1,22,27,1,0,0,31,0,1
1,2,1,1,1,1,0,0,20,0,0
1,12,12,23,28,0,0,0,28,0,1
4,3,12,22,27,0,0,0,31,0,1
1,15,1,13,14,1,0,0,19,0,0
1,10,1,22,14,1,0,0,19,0,0
1,6,3,1,14,0,0,0,34,0,1
1,13,1,22,27,1,0,0,18,0,0
1,11,1,22,27,1,0,0,18,0,0
1,9,1,3,14,0,0,1,19,0,0
1,15,1,3,5,1,0,1,22,0,1
2,14,1,19,24,0,0,1,32,0,0
1,9,1,22,3,0,0,1,61,0,1
1,17,1,22,27,1,0,1,30,0,0
2,17,1,22,27,0,0,1,45,0,1
1,4,14,1,14,0,0,1,20,0,0
1,12,1,13,1,0,0,0,19,0,1
1,7,1,3,1,1,0,1,26,0,1
1,14,1,1,1,1,0,1,19,0,1
1,15,1,13,27,0,0,1,19,0,0
1,15,1,23,1,1,0,1,19,0,0
1,9,1,1,14,1,0,1,19,0,0
1,14,1,11,9,1,0,1,19,0,1
1,14,1,19,24,1,0,1,28,0,1
1,9,1,22,27,0,0,1,24,0,0
1,8,1,3,1,0,0,1,18,0,0
1,15,1,1,3,1,0,1,18,0,0
1,4,14,4,1,0,0,1,21,0,0
2,17,1,13,27,0,0,1,28,0,1
1,4,9,22,14,0,0,1,58,0,1
2,17,1,19,24,1,0,1,49,0,1
1,14,1,19,24,0,0,1,25,0,0
4,9,1,22,28,1,0,1,33,0,1
2,7,12,22,27,0,0,1,33,0,1
2,16,1,22,27,0,0,1,40,0,0
2,17,1,22,14,0,0,1,48,0,0
1,12,12,23,28,1,0,1,24,0,0
2,6,1,13,14,0,0,1,23,0,0
1,17,12,13,27,1,0,1,39,0,1
1,4,1,1,28,0,0,1,21,0,0
1,7,6,20,25,1,0,1,34,0,1
1,15,1,1,28,0,0,1,18,0,0
1,9,1,1,1,0,0,1,19,0,1
1,12,1,13,14,0,0,1,19,0,0
1,4,4,1,1,0,0,1,28,0,0
1,5,1,1,1,1,0,1,18,0,1
1,10,1,2,2,1,0,1,19,0,1
1,6,1,13,28,1,0,1,19,0,1
1,12,1,1,3,1,0,0,18,0,0
1,8,1,3,3,1,0,0,18,0,0
1,15,1,1,3,1,0,0,18,0,1
1,10,14,3,14,1,0,0,19,0,0
2,10,3,22,27,0,0,0,31,0,0
1,3,1,22,27,0,0,0,33,0,0
1,11,1,1,14,1,0,0,19,0,0
1,5,1,19,24,1,0,0,18,0,1
1,5,1,23,1,0,1,0,18,0,1
1,14,1,13,28,1,0,0,18,0,1
1,2,1,3,4,1,0,0,18,0,0
1,9,1,13,14,1,0,0,19,0,0
1,10,1,1,3,1,0,0,18,0,1
1,6,1,3,14,1,0,0,18,0,0
1,12,1,22,27,1,0,0,18,0,0
1,10,16,22,27,1,0,0,21,0,0
1,12,1,13,27,0,0,0,18,0,0
1,14,1,1,28,1,0,0,18,0,0
1,12,1,13,14,1,0,0,18,0,0
1,12,1,13,1,1,0,0,20,0,0
1,9,1,1,28,0,0,0,18,0,0
1,15,1,13,1,1,0,0,18,0,1
1,9,1,22,28,1,0,0,20,0,0
1,11,1,13,14,1,0,0,20,0,0
1,9,1,22,1,1,0,0,19,0,1
1,5,1,3,1,0,0,0,19,0,0
1,14,1,13,27,1,1,0,18,0,1
1,15,1,1,1,1,0,0,19,0,0
1,12,1,1,28,1,0,0,20,0,0
1,9,14,13,1,1,0,0,21,0,0
1,12,1,26,3,0,0,0,21,0,0
1,5,1,23,28,0,0,0,20,0,0
1,16,1,23,28,1,0,0,19,0,0
1,6,1,1,14,0,0,0,21,0,1
1,6,1,18,14,0,0,0,18,0,0
1,11,1,13,27,0,0,0,19,0,0
1,12,1,13,14,1,0,0,18,0,0
1,12,1,1,1,1,0,0,19,0,0
1,9,1,1,14,1,0,0,18,0,0
1,15,1,22,27,0,0,0,18,0,0
1,6,1,1,27,1,0,0,18,0,0
1,5,1,23,14,1,0,0,18,0,1
1,10,1,1,28,0,0,0,18,0,1
1,10,1,1,3,0,0,0,18,0,0
1,6,1,1,28,1,0,0,20,0,0
1,5,1,1,14,1,0,0,18,0,0
1,12,1,22,27,0,0,0,20,0,0
4,14,1,22,27,0,0,0,40,0,0
1,12,1,23,28,1,0,0,18,0,0
1,11,1,13,14,1,0,0,19,0,0
1,17,15,1,14,0,0,0,24,0,1
1,15,1,3,28,1,0,0,19,0,1
1,12,1,2,1,1,0,0,19,0,0
1,12,1,1,14,1,0,0,20,0,0
1,12,1,23,28,0,0,0,18,0,0
1,2,1,1,28,1,0,0,18,0,0
1,12,1,13,27,1,0,0,19,0,0
1,12,1,3,3,1,0,0,18,0,1
1,6,14,3,3,1,0,0,19,0,0
1,12,1,22,27,1,0,0,19,0,0
1,12,1,13,14,0,0,0,19,0,0
1,12,1,1,27,1,0,0,19,0,1
1,12,1,1,28,0,0,0,19,0,0
1,14,9,1,14,1,0,0,25,0,1
1,12,1,13,14,0,0,0,20,0,0
1,10,16,1,14,0,0,0,23,0,1
1,5,1,13,14,0,0,0,20,0,1
1,3,1,22,9,0,0,0,27,0,0
1,12,1,13,1,0,0,0,18,0,0
1,3,15,13,1,1,0,0,23,0,1
1,12,1,23,27,1,0,0,19,0,0
1,9,1,22,28,0,0,0,18,0,0
1,12,1,1,14,1,0,0,20,0,0
1,14,1,13,14,1,0,0,18,0,0
1,12,1,1,1,1,0,0,19,0,0
1,10,14,13,14,1,0,0,19,0,0
1,6,1,3,3,0,0,0,18,0,0
1,10,1,22,27,0,0,0,18,0,0
1,15,1,13,14,1,0,0,18,0,0
1,16,1,13,28,0,0,0,28,0,1
1,11,1,22,27,1,0,0,19,0,1
1,2,1,3,1,1,0,0,20,0,1
1,12,1,1,27,1,0,0,19,0,0
1,5,1,1,14,0,1,0,20,0,0
1,11,1,13,14,1,0,0,19,0,0
1,16,1,1,14,1,0,0,19,0,0
1,5,1,13,1,1,0,0,18,0,0
1,8,1,3,1,0,0,0,19,0,1
1,14,1,10,28,0,0,0,19,0,0
1,15,1,23,14,0,0,0,20,0,0
1,8,1,1,1,0,0,0,18,0,0
1,15,1,13,14,0,0,0,18,0,1
1,10,1,22,28,1,0,0,18,0,0
1,15,1,13,14,1,0,0,20,0,1
1,12,1,13,1,1,0,0,19,0,0
1,16,1,22,27,1,0,0,21,0,1
1,14,3,10,3,1,0,0,20,0,1
1,11,1,22,28,1,0,0,18,0,0
1,15,1,1,4,0,0,0,20,0,0
1,12,1,13,27,1,0,0,19,0,0
1,6,6,13,14,1,0,0,22,0,1
1,8,1,13,14,1,0,0,22,0,1
1,10,1,13,14,1,0,0,19,0,0
1,2,1,22,28,1,0,0,19,0,1
1,12,1,19,24,1,0,0,20,0,1
1,12,1,23,14,1,0,0,18,0,0
1,17,16,13,27,0,0,0,22,0,1
1,6,1,13,26,1,0,0,20,0,0
1,4,14,23,28,0,0,0,19,0,0
1,12,1,1,14,1,0,0,19,0,0
1,12,1,13,14,0,0,0,19,0,0
1,12,1,23,27,1,0,0,19,0,0
1,5,1,3,28,1,0,0,19,0,1
1,12,1,23,14,0,0,0,20,0,0
1,12,1,13,28,1,0,0,20,0,0
1,14,1,1,1,0,0,0,20,0,0
1,12,1,1,14,1,0,0,21,0,0
1,4,14,22,28,0,0,0,19,0,0
1,15,1,23,27,0,0,0,19,0,0
1,14,1,22,28,0,0,0,21,0,0
1,12,3,3,27,0,0,0,28,0,0
1,10,1,22,28,1,0,0,19,0,0
1,9,1,22,27,0,0,0,18,0,0
5,12,1,22,28,1,0,0,18,0,0
1,12,1,13,27,1,0,0,18,0,0
1,12,1,1,2,1,0,0,22,0,0
1,12,1,13,1,0,0,0,18,0,0
1,11,1,22,27,0,0,0,20,0,1
1,2,14,22,27,0,0,0,26,0,1
1,5,1,22,28,1,0,0,18,0,0
1,11,1,1,28,1,0,0,21,0,1
1,12,1,23,27,1,0,0,18,0,0
1,6,1,13,14,1,0,0,20,0,0
1,12,1,23,14,1,0,0,18,0,0
1,14,1,1,1,1,0,0,20,0,1
1,16,1,13,14,0,0,0,18,0,0
1,3,1,13,9,1,0,0,22,0,0
1,17,1,13,28,0,0,0,21,0,0
1,12,1,13,14,0,0,0,18,0,0
1,5,1,10,14,0,1,0,18,0,0
1,2,1,22,27,1,0,0,19,0,1
1,12,1,1,27,1,0,0,19,0,0
1,11,1,23,27,1,0,0,19,0,1
1,11,1,23,27,1,0,0,21,0,0
1,15,1,1,27,0,0,0,20,1,0
1,9,1,13,14,1,0,0,20,0,0
1,17,12,22,27,0,0,0,41,0,0
1,12,1,23,1,1,0,0,18,0,0
4,3,1,22,27,0,0,0,35,0,0
1,12,1,22,27,0,0,0,32,0,1
1,3,15,13,27,0,0,0,37,0,0
2,9,3,3,27,0,0,0,30,0,1
1,15,1,13,14,0,0,1,23,0,0
1,15,1,3,1,1,0,0,20,0,1
1,14,1,13,27,0,0,1,21,0,0
1,9,1,23,14,0,0,1,19,0,0
1,12,1,1,14,1,0,1,18,0,0
1,7,1,19,24,0,0,1,18,0,1
1,14,1,1,27,1,0,1,22,0,0
1,11,1,13,1,1,0,1,18,0,1
1,10,1,22,27,1,0,0,18,0,0
1,5,1,2,1,1,0,1,21,1,0
4,12,1,22,27,0,0,0,38,0,1
1,13,1,23,27,0,0,0,19,0,0
6,12,1,22,27,0,0,0,36,0,1
1,6,1,1,1,1,0,0,18,0,0
1,12,1,13,14,1,0,0,19,0,0
1,6,16,13,28,0,0,0,21,0,1
1,10,1,13,14,0,0,0,18,0,0
1,9,1,22,27,1,0,0,20,0,1
1,11,1,13,1,1,0,0,18,0,0
1,14,1,1,14,0,0,0,18,0,0
1,8,3,19,24,0,0,0,25,0,1
1,12,1,1,1,1,0,0,19,0,0
1,2,1,13,14,1,0,0,18,0,0
1,11,15,1,1,0,0,0,39,0,0
2,4,1,23,27,0,0,0,29,0,0
1,5,3,22,2,0,0,0,23,0,1
1,16,1,1,27,1,0,0,21,0,1
1,10,1,1,14,0,0,0,18,0,0
1,6,15,1,14,1,0,0,23,0,0
1,8,1,1,14,0,0,0,18,0,0
2,3,12,22,27,0,0,0,32,0,0
2,9,1,13,27,0,0,0,29,0,1
1,10,1,1,28,1,0,0,20,0,0
1,10,1,19,24,1,0,0,28,0,1
1,9,3,23,28,0,0,0,27,0,0
1,12,1,22,24,0,0,0,22,0,0
1,3,3,22,28,0,0,0,28,0,1
2,4,1,22,27,0,0,0,43,0,1
1,13,1,22,27,1,0,0,32,0,1
4,12,12,23,1,0,0,0,35,0,0
1,14,1,22,27,1,0,0,21,0,0
1,12,1,3,28,0,0,0,18,0,0
1,10,1,13,14,1,0,0,18,0,0
1,3,14,13,27,1,0,0,22,0,0
1,12,1,1,1,1,0,0,19,0,0
1,9,1,13,28,1,0,0,18,0,0
1,2,1,24,1,1,0,0,19,0,1
1,12,1,13,1,0,0,0,18,0,0
2,17,12,13,29,0,0,0,31,0,1
2,3,12,1,14,0,0,0,33,0,0
1,12,1,13,28,1,0,0,19,0,0
1,10,1,23,28,1,0,0,18,0,0
1,9,1,7,14,0,0,0,23,0,0
1,10,1,23,28,1,0,0,20,0,0
1,12,1,23,28,1,0,0,18,0,0
1,10,1,13,28,0,0,0,22,0,0
1,10,1,1,14,1,0,0,20,0,0
1,12,3,13,28,1,0,0,23,0,0
1,15,1,3,1,1,0,0,19,0,0
1,12,1,1,27,1,0,0,19,0,0
1,17,1,13,28,0,0,0,26,0,1
1,12,1,1,27,1,0,0,18,0,0
1,7,1,1,27,1,0,1,18,0,1
1,4,14,23,27,1,0,1,20,0,0
1,14,1,3,1,0,0,1,19,0,1
1,17,1,22,27,0,0,1,32,0,1
2,8,1,13,14,0,0,1,31,0,1
1,6,14,13,3,1,0,0,21,0,0
2,17,1,22,27,0,0,0,31,0,1
2,16,1,22,27,0,0,0,34,0,1
1,10,1,13,14,0,0,0,18,0,0
1,10,1,13,14,1,0,0,19,0,1
1,16,1,23,27,1,0,0,18,0,1
1,11,1,13,29,1,0,0,20,0,0
1,15,1,23,27,1,0,0,20,0,0
1,14,1,23,28,1,1,0,18,0,0
1,10,1,23,28,1,0,0,19,0,0
4,8,1,3,1,1,0,0,30,0,1
1,10,1,13,28,1,0,0,19,0,0
1,13,1,23,27,1,0,0,19,0,0
1,12,1,1,27,1,0,0,19,0,0
1,6,1,13,28,1,0,0,19,0,0
1,10,1,1,1,1,0,0,20,0,0
1,7,1,13,27,0,0,1,25,0,1
1,15,1,13,14,0,0,1,19,0,1
2,16,1,22,14,0,0,0,34,0,0
1,12,1,23,27,1,0,0,18,0,0
1,12,1,1,1,1,0,0,18,0,0
1,14,1,23,28,0,0,0,20,0,0
1,12,1,13,27,1,0,0,20,0,0
1,14,1,22,27,0,0,0,28,0,1
1,9,1,13,28,1,0,0,19,0,0
2,9,1,23,27,1,0,0,34,0,1
2,16,1,22,27,0,0,0,35,0,1
1,17,15,22,27,0,0,0,32,0,0
1,11,1,13,14,1,0,0,19,0,0
1,14,1,1,14,1,0,0,18,0,0
2,9,1,22,27,0,0,0,35,0,1
1,10,1,13,27,1,0,0,20,0,0
1,15,1,13,14,1,0,1,18,1,0
1,12,1,23,14,1,0,1,20,0,0
1,11,1,1,14,1,0,1,18,0,1
1,7,1,13,14,0,0,1,18,0,0
1,14,1,13,27,0,0,1,20,0,0
1,16,1,13,28,1,0,1,19,0,1
1,10,1,13,1,0,0,1,19,0,0
1,15,1,21,27,1,0,1,20,0,0
1,12,1,13,14,1,0,1,22,0,0
1,12,1,23,28,0,0,1,19,0,0
1,4,14,1,14,0,0,1,22,0,1
1,7,1,4,10,1,0,1,20,1,0
2,4,1,1,31,0,0,1,34,0,1
2,3,12,1,1,0,0,1,24,0,1
1,14,1,19,24,1,0,1,26,0,1
1,12,1,22,27,0,0,1,35,0,1
1,17,1,2,27,1,0,1,22,0,0
1,9,1,1,14,0,0,1,19,0,1
1,11,1,3,14,1,0,1,19,0,1
1,2,14,3,3,0,0,1,20,0,0
1,14,1,3,3,0,0,1,21,0,0
1,15,1,1,14,1,0,0,19,0,0
1,15,1,13,14,1,0,0,18,0,0
1,4,16,1,28,0,0,0,23,0,0
1,9,1,13,28,1,0,0,18,0,0
1,12,1,22,28,1,0,0,18,0,0
1,12,1,23,28,1,0,0,19,0,0
1,9,16,1,14,1,0,0,21,0,0
1,6,1,22,27,1,0,0,18,0,0
1,15,1,23,27,1,0,0,24,0,0
1,12,1,3,29,1,0,0,18,0,1
1,12,1,13,27,1,0,0,20,0,0
1,15,1,19,28,1,0,0,18,0,1
1,11,1,1,14,0,0,0,19,0,1
1,16,1,1,28,1,0,0,19,0,0
1,10,3,1,28,0,0,0,18,0,0
1,12,1,23,28,1,0,0,18,0,0
1,13,1,23,28,1,0,0,19,0,0
1,12,1,22,27,1,0,0,18,0,0
1,11,1,19,28,1,0,0,19,0,1
1,12,1,1,1,1,0,0,21,0,0
1,13,1,13,28,0,0,0,18,0,0
1,12,1,1,1,0,0,0,18,0,0
1,8,1,3,1,0,0,0,23,0,1
1,12,1,23,28,0,0,0,18,0,0
1,8,1,1,14,1,0,0,21,0,1
1,12,1,22,28,1,0,0,19,0,0
1,10,1,22,27,0,0,0,21,0,0
1,15,1,13,14,1,0,0,18,0,0
1,6,1,13,28,1,0,0,20,0,0
1,16,1,22,27,1,0,0,18,0,0
1,5,1,1,1,1,0,0,18,0,1
1,6,1,1,3,1,0,0,18,0,0
1,15,1,1,1,1,0,0,18,0,0
1,6,12,13,14,1,0,0,24,0,0
1,2,1,1,1,1,0,0,19,0,0
1,12,1,13,14,1,0,0,18,0,0
1,5,1,1,14,0,0,0,19,0,0
1,16,1,23,14,1,0,0,19,0,1
1,15,1,19,27,0,0,0,26,0,1
1,11,12,13,1,0,0,1,36,0,1
1,2,1,1,1,0,0,1,19,0,1
1,7,1,13,27,0,0,1,27,0,1
1,7,1,3,1,0,0,1,18,0,1
1,12,1,22,28,1,0,1,18,0,0
1,5,1,23,28,0,0,1,28,0,1
1,2,14,13,1,1,0,1,21,0,0
1,12,1,13,27,0,0,1,19,0,0
1,14,7,6,16,0,0,1,26,0,1
1,7,1,1,14,1,0,1,20,0,1
1,12,1,23,28,1,0,1,19,0,0
1,9,1,13,14,1,0,1,21,0,1
1,14,16,1,14,0,0,1,23,0,0
1,3,13,23,27,0,0,1,29,0,0
1,12,1,1,1,0,0,1,20,0,0
1,10,1,1,14,0,0,1,18,0,0
1,15,1,1,28,1,0,1,19,0,0
1,13,3,1,27,0,0,1,23,0,1
1,2,1,23,1,0,0,1,21,0,1
1,2,1,22,14,1,0,1,18,0,0
1,5,1,13,27,1,0,1,21,0,1
1,10,1,1,1,0,0,1,22,0,1
1,13,1,3,14,1,0,1,21,0,0
1,12,1,23,14,1,0,1,32,0,1
1,4,3,1,14,1,0,1,27,0,0
1,12,1,13,28,1,0,1,18,0,0
1,5,1,1,1,1,0,1,24,0,0
1,8,1,13,27,1,0,1,22,0,1
1,8,1,2,3,1,0,1,22,0,1
1,9,1,22,27,1,0,1,19,0,0
1,7,1,22,11,1,0,1,19,0,1
1,12,1,1,1,1,0,0,18,0,0
1,11,1,3,14,1,0,0,18,0,0
1,2,1,13,14,1,0,0,20,0,1
1,10,1,1,14,1,0,0,19,0,0
1,15,1,23,28,1,0,0,19,0,0
1,11,1,10,1,1,0,0,18,0,0
1,5,14,10,27,0,0,0,22,0,0
2,13,12,22,28,0,0,0,31,0,0
1,16,1,13,14,0,0,0,19,0,0
1,11,1,23,28,1,0,0,18,0,0
1,6,1,10,1,0,0,0,21,0,0
1,12,1,23,1,1,0,0,18,0,0
1,9,14,2,27,0,0,1,25,1,1
1,7,1,1,3,0,0,1,21,1,1
1,12,1,23,27,1,0,0,19,0,0
1,11,1,9,24,1,0,0,22,0,1
1,9,1,23,1,0,0,1,19,0,0
1,3,12,22,27,0,0,0,58,0,1
1,10,1,13,27,1,0,0,19,0,0
1,14,1,22,27,1,0,1,23,1,0
1,12,1,13,1,1,0,0,18,0,0
1,6,1,13,14,0,0,0,20,0,0
1,6,1,13,14,0,0,0,18,0,1
1,14,1,3,14,0,0,0,18,0,0
1,9,1,13,14,1,0,0,18,0,0
1,8,1,23,28,0,0,0,24,0,1
1,16,1,22,27,1,0,0,18,0,1
1,10,1,13,28,1,0,0,19,0,0
1,11,1,23,28,1,0,0,18,0,0
1,2,1,13,14,1,0,0,19,0,0
1,6,1,4,4,0,0,0,22,0,0
1,15,1,13,28,1,0,0,21,0,0
1,12,1,23,28,1,0,0,18,0,0
1,16,1,1,10,1,0,0,20,0,1
1,5,1,1,28,1,0,0,19,0,0
1,9,1,26,1,0,0,1,26,1,1
2,3,1,22,27,0,0,0,35,0,0
1,14,1,1,1,1,0,0,19,0,0
1,6,1,23,27,1,0,1,18,0,0
1,14,1,13,14,0,0,1,19,0,0
1,2,1,1,1,1,0,1,25,0,0
1,11,1,1,1,1,0,1,18,0,0
1,4,1,1,4,1,0,1,26,0,1
1,17,1,1,1,0,0,1,34,0,0
1,11,1,4,14,1,0,1,18,0,1
1,2,1,3,20,0,0,1,18,0,1
1,7,1,1,14,1,0,1,18,0,1
1,4,14,22,27,0,0,1,20,0,1
1,5,14,1,14,0,0,1,25,0,0
1,8,1,2,1,0,0,1,18,0,1
1,4,1,13,27,1,0,1,19,0,0
1,2,1,1,1,1,0,1,20,0,1
1,10,1,13,27,1,0,1,20,0,0
1,9,1,1,27,1,0,1,19,0,1
1,9,1,22,27,1,0,1,20,0,1
1,14,1,23,27,0,0,1,24,0,1
1,4,14,23,28,1,0,1,20,0,0
1,7,1,1,14,0,0,1,23,0,1
1,3,1,19,24,0,0,1,21,0,0
1,7,1,8,10,1,0,1,20,0,1
1,15,1,1,14,0,0,1,18,0,0
1,11,1,1,1,1,0,1,18,0,0
1,15,1,13,28,0,0,1,18,0,0
1,15,1,22,27,1,0,1,19,0,1
1,8,1,13,28,0,0,1,19,0,0
1,17,1,22,27,1,0,1,33,0,1
1,2,1,2,1,1,0,1,21,0,0
2,4,1,1,14,0,0,1,25,0,1
1,6,1,1,1,1,0,1,20,0,1
1,6,16,1,1,1,0,1,22,0,1
4,15,12,22,27,0,0,0,39,0,0
1,14,1,3,1,1,0,1,21,0,0
1,11,1,1,1,0,0,0,19,0,0
1,12,12,22,27,0,0,0,26,0,0
1,10,1,13,1,1,0,0,19,0,0
1,6,16,1,3,1,0,0,20,0,0
1,3,1,13,27,0,0,1,24,0,1
1,7,1,13,14,1,0,1,20,0,0
2,4,1,22,27,0,0,1,29,0,0
1,15,1,1,3,0,0,1,20,0,0
1,8,14,3,4,1,0,1,20,0,1
1,14,12,13,1,1,0,1,24,0,0
1,12,12,1,3,0,0,1,24,0,1
1,7,15,3,1,0,0,1,23,0,0
1,13,1,1,27,1,0,1,20,0,0
1,14,1,1,1,1,0,1,19,0,0
1,4,14,1,28,1,0,1,20,0,0
1,5,1,23,27,0,0,1,18,0,0
1,14,1,1,1,1,0,1,20,0,1
2,17,1,22,14,1,0,1,33,0,0
1,15,1,23,28,1,0,0,19,0,1
1,2,1,13,27,1,0,1,19,0,0
1,5,1,13,27,1,0,1,22,0,0
1,12,1,1,1,0,0,0,39,1,1
1,11,1,1,1,1,0,1,22,0,1
1,2,1,13,27,1,0,1,19,0,0
1,11,1,3,1,1,0,0,19,1,0
1,12,1,13,27,1,0,0,19,0,1
1,2,1,13,27,1,0,0,21,0,0
1,12,5,13,1,1,0,0,39,0,1
1,2,1,13,1,1,0,1,19,0,0
1,9,9,1,1,1,0,1,24,0,1
1,17,1,13,14,1,0,1,27,0,1
2,17,1,22,27,0,0,1,29,0,0
1,6,1,13,1,1,0,1,20,0,1
1,14,1,13,1,0,0,1,21,0,1
1,12,1,1,1,0,0,1,19,0,0
1,15,1,1,1,0,0,1,19,0,1
1,7,1,22,27,0,0,1,28,0,0
1,11,1,13,1,1,0,0,21,1,0
1,12,1,3,3,1,0,0,23,1,1
1,12,1,23,1,1,0,0,18,0,0
2,15,1,22,27,0,0,0,59,1,0
1,6,1,1,28,1,0,0,18,0,0
1,12,1,22,14,1,0,0,27,0,1
1,10,1,23,14,1,0,0,18,0,0
1,16,1,23,14,1,0,0,20,0,1
2,7,3,22,27,0,0,0,32,0,1
1,9,1,23,27,1,0,0,19,0,1
2,16,9,22,27,0,0,0,41,0,1
4,3,1,13,14,0,0,0,38,0,1
1,8,2,27,1,0,0,1,35,1,1
1,3,1,19,24,1,0,0,27,0,1
1,5,1,1,27,1,0,0,19,0,0
2,17,7,19,24,0,0,0,39,0,1
2,11,2,22,27,0,0,0,37,0,1
5,12,1,23,28,0,0,0,37,0,1
2,3,1,19,24,0,0,0,35,0,0
1,9,1,22,27,0,0,0,49,0,0
1,9,15,22,27,0,0,0,52,0,0
1,6,1,1,28,1,0,0,18,0,0
1,3,1,22,27,0,0,0,30,0,0
1,12,1,1,14,1,0,0,21,0,0
1,7,1,22,14,1,0,1,20,0,1
1,2,1,22,27,1,0,1,19,0,1
1,12,1,3,14,1,0,1,18,0,0
1,9,1,1,1,1,0,0,22,0,0
1,10,1,1,14,1,0,0,19,0,0
1,12,1,13,28,1,0,0,18,0,0
1,9,1,1,14,1,0,1,21,0,0
1,8,1,22,27,0,0,0,37,1,1
1,4,12,22,27,0,0,1,38,0,1
6,17,9,22,27,1,0,1,55,0,1
5,4,1,22,27,0,0,0,28,0,1
5,17,2,22,27,0,0,0,46,0,0
1,2,1,13,14,1,1,0,22,0,0
2,14,12,22,27,0,0,0,46,0,1
1,6,1,22,14,1,0,0,18,0,1
1,15,1,22,27,1,0,1,21,0,0
1,17,1,13,27,0,0,0,34,0,1
1,16,1,22,28,1,0,0,21,0,1
1,15,1,22,14,1,0,0,18,0,0
1,2,1,17,28,1,0,1,20,0,0
1,11,1,22,27,1,0,1,19,0,1
1,3,1,1,14,1,0,1,22,0,0
1,4,14,1,14,0,0,1,23,0,1
1,2,1,3,1,1,0,1,19,0,1
1,2,1,23,27,1,0,1,19,0,1
1,15,1,13,1,0,0,1,18,0,0
1,10,1,22,27,1,0,1,18,0,1
1,15,1,23,28,0,0,1,19,0,1
1,2,1,1,1,1,0,1,18,0,0
1,4,14,13,28,1,0,1,19,0,0
1,4,12,1,14,0,0,1,27,0,1
1,11,1,3,14,1,0,1,20,0,0
1,12,1,4,3,1,0,1,18,0,0
1,5,1,23,14,1,0,1,18,0,0
1,9,1,1,28,1,0,1,18,0,1
1,12,1,13,14,1,0,0,18,0,0
1,3,11,19,24,1,0,0,37,0,1
2,3,1,23,27,0,0,0,36,0,0
2,6,12,13,14,1,0,0,26,0,1
1,6,1,22,28,0,0,0,19,0,0
1,3,1,22,1,1,0,0,24,0,1
1,15,1,13,1,1,0,0,19,1,1
1,14,1,1,1,1,0,0,20,0,0
1,14,1,13,3,1,0,0,19,0,0
1,6,1,23,27,1,0,0,21,0,0
2,13,1,22,27,0,0,0,50,0,1
2,13,1,22,27,0,0,0,47,0,1
1,16,1,1,14,0,0,0,24,0,1
1,17,1,22,27,0,0,0,48,0,1
1,6,1,22,2,1,0,0,18,0,0
1,17,14,22,27,1,0,1,32,0,1
1,14,1,13,3,1,0,1,20,0,1
1,7,1,22,28,0,0,1,24,0,1
2,8,12,22,28,0,0,1,53,0,0
2,15,12,13,14,0,0,1,42,0,1
2,17,9,22,27,1,0,1,52,0,0
2,17,1,22,27,0,0,1,49,0,0
1,14,1,23,27,0,0,1,18,0,0
2,8,1,1,14,1,0,1,37,0,0
1,12,1,1,1,0,0,1,21,0,0
1,14,7,22,27,0,0,1,26,0,1
1,5,1,3,1,1,0,1,20,0,0
1,12,1,1,27,1,0,0,19,0,0
1,5,1,23,28,1,0,0,18,0,0
1,12,1,1,1,1,0,0,18,0,0
1,3,1,22,14,0,0,0,20,0,0
1,11,1,3,3,1,0,0,20,0,1
1,2,1,3,14,1,0,0,21,0,1
1,2,1,1,14,1,0,0,22,0,0
1,12,1,1,28,0,0,0,18,0,0
1,12,1,13,27,1,0,0,18,0,1
1,12,1,1,28,1,0,0,19,0,0
1,12,1,1,1,1,0,0,18,0,0
1,13,1,13,14,1,0,0,20,0,0
1,16,1,1,1,1,0,0,20,0,1
1,6,1,23,1,1,0,0,20,0,0
1,9,1,3,14,0,0,0,19,0,0
1,2,1,22,27,1,0,0,20,0,0
1,6,16,1,14,1,0,0,27,0,0
1,6,1,3,3,1,0,0,18,0,0
1,12,1,13,1,0,0,0,18,0,0
1,12,1,1,27,0,0,0,18,0,0
1,6,1,22,27,0,0,0,20,0,0
1,10,1,1,1,0,0,0,20,0,0
1,12,1,3,14,1,0,0,18,0,0
1,5,14,1,28,0,0,0,22,0,1
1,3,1,22,27,0,0,0,22,0,0
1,6,1,13,3,0,0,0,19,0,0
1,8,14,3,1,1,0,0,21,0,1
1,12,15,1,1,1,0,0,27,0,0
1,12,1,1,1,1,0,0,18,0,0
1,11,1,1,1,0,0,0,18,0,1
1,13,1,3,3,1,0,1,19,0,1
5,17,1,1,1,0,0,1,35,0,0
1,6,1,22,26,0,0,1,23,0,0
1,12,1,1,27,0,0,1,28,0,1
1,14,1,13,1,1,0,1,20,0,1
1,14,1,2,2,1,0,1,21,0,1
1,5,1,22,27,1,0,1,18,0,0
1,5,1,3,3,1,0,1,22,0,0
1,6,1,23,1,1,0,1,21,0,0
1,13,3,3,3,0,0,1,38,0,1
1,2,1,22,27,1,0,1,19,0,1
1,7,1,19,24,0,0,1,24,0,1
1,5,1,1,27,1,0,1,19,0,1
1,12,1,22,28,1,0,1,19,0,0
1,7,3,3,3,0,0,1,31,0,1
1,14,1,23,27,1,0,1,19,0,0
1,5,1,13,28,1,0,1,22,0,0
1,6,1,19,1,0,0,1,25,0,1
1,12,1,1,1,1,0,1,18,0,1
1,12,3,22,27,1,0,1,30,0,1
1,12,1,23,27,0,0,1,18,0,0
1,15,1,1,1,1,0,1,18,0,0
1,15,1,19,24,0,0,1,18,0,1
1,10,1,23,28,1,0,1,18,0,0
1,14,1,1,14,0,0,1,25,0,0
1,2,1,1,1,0,0,1,18,0,1
1,13,12,13,1,0,0,1,25,0,1
1,12,1,22,28,1,0,0,19,0,0
1,12,1,13,14,1,0,0,20,0,0
1,12,1,3,1,1,0,0,33,1,1
1,10,1,13,27,1,0,0,18,0,0
1,12,1,1,14,1,0,0,19,0,0
1,12,1,23,28,1,0,0,20,0,0
1,7,1,23,27,0,0,1,24,0,1
1,17,12,2,1,0,0,1,24,0,1
1,6,1,23,27,1,0,1,18,0,0
1,11,1,22,27,1,0,0,18,0,0
1,6,1,3,3,1,0,0,22,0,0
1,15,1,2,1,1,1,0,18,0,0
1,2,1,13,14,1,0,0,21,0,0
2,17,1,22,27,1,0,0,38,0,1
1,10,1,19,24,0,0,0,29,0,0
1,11,1,23,27,1,0,0,18,0,1
2,17,1,22,27,0,0,1,37,0,0
1,9,1,3,3,0,0,1,20,0,0
1,8,1,13,14,1,0,1,20,0,1
2,7,1,22,28,0,0,1,40,0,1
1,9,1,1,1,0,0,1,21,0,1
1,5,14,2,14,0,0,1,21,0,0
1,12,1,3,1,1,0,1,18,0,0
1,4,1,3,1,0,0,1,27,0,0
2,5,12,22,27,0,0,1,38,0,1
1,8,1,3,3,0,0,1,18,0,1
1,8,1,3,14,1,0,1,18,0,1
1,15,1,1,1,0,0,1,19,0,1
1,14,1,22,27,0,0,1,44,0,1
1,6,14,1,1,1,1,1,26,0,1
1,8,1,13,1,0,0,1,24,0,1
1,4,1,13,1,1,0,1,27,0,1
1,4,1,1,1,0,0,1,27,0,1
1,5,1,23,28,1,0,1,25,0,1
1,2,1,23,14,1,0,1,19,0,0
1,7,1,3,1,1,0,1,20,0,1
1,8,14,1,27,1,0,0,22,0,1
1,14,1,4,14,1,0,0,19,0,0
1,12,1,1,1,1,0,0,18,0,0
1,10,1,13,14,1,0,0,20,0,0
1,2,1,1,1,1,0,0,18,1,1
1,15,1,1,14,0,0,1,36,0,0
1,9,1,22,2,0,0,1,19,1,0
1,9,16,1,1,0,0,1,21,0,0
1,9,1,13,28,1,0,0,26,0,1
1,4,1,1,1,0,0,0,29,1,1
1,12,3,3,14,0,0,1,27,0,1
1,15,1,1,1,1,0,0,19,0,0
1,15,1,1,3,0,0,1,20,0,1
2,11,1,13,28,0,0,1,33,0,0
2,17,1,22,10,0,0,1,35,0,1
1,9,1,22,28,1,0,1,23,0,0
1,12,1,22,14,1,0,1,19,0,0
1,5,1,1,14,1,0,1,21,0,0
1,12,1,22,27,0,0,1,27,0,1
1,12,3,22,28,0,0,1,28,0,1
2,10,12,22,27,0,0,1,42,0,1
1,17,3,22,27,0,0,1,27,0,0
1,5,1,3,3,1,0,1,23,0,1
1,11,1,13,1,1,0,1,18,0,0
2,12,1,22,27,0,0,1,26,0,0
1,9,1,3,1,0,0,1,18,0,1
1,17,1,3,5,0,0,1,29,0,1
1,6,1,1,1,1,0,1,22,0,1
1,12,1,23,28,1,0,0,19,0,0
1,10,1,23,27,1,0,0,18,0,0
1,6,1,23,1,1,0,0,18,0,1
1,4,12,22,28,0,0,0,40,0,1
1,11,1,23,3,1,0,0,20,1,1
1,12,1,3,1,1,0,1,18,0,1
1,3,3,19,24,0,0,1,31,0,0
1,9,1,1,1,0,0,1,18,0,0
1,14,1,13,1,1,0,1,22,0,1
1,9,12,13,14,0,0,1,38,0,1
1,17,3,3,1,0,0,1,33,0,1
1,14,1,3,3,0,0,1,18,0,1
1,17,1,1,1,1,0,1,27,0,0
1,11,1,22,27,0,0,1,26,0,0
1,12,1,1,14,1,0,0,19,0,0
2,12,1,22,27,0,0,1,44,0,1
1,9,1,22,28,1,0,1,19,0,0
1,5,1,1,27,1,0,1,20,0,1
4,17,1,22,27,0,0,0,31,0,0
1,5,1,22,27,1,0,0,25,0,0
1,15,1,2,27,1,0,0,19,0,1
1,12,1,3,2,1,0,0,18,0,1
1,14,1,1,1,0,0,0,24,0,1
1,10,1,3,3,0,0,0,20,0,0
1,11,1,13,27,0,0,0,18,0,0
1,10,1,23,1,0,0,0,18,0,0
1,12,3,22,27,0,0,0,28,0,1
1,16,1,22,14,0,0,0,18,0,1
1,10,1,1,1,0,0,0,18,0,0
1,9,1,22,14,1,0,0,18,0,0
1,9,1,13,14,1,0,0,19,0,1
1,12,1,13,28,0,0,0,19,0,0
1,10,1,23,28,0,0,0,20,0,0
2,3,1,22,14,0,0,0,34,0,0
1,12,1,3,14,1,0,0,19,0,0
1,5,1,1,14,1,0,0,24,0,0
1,15,1,23,27,1,0,0,18,1,1
1,8,1,13,14,1,0,1,19,0,1
1,9,1,1,28,0,0,1,18,0,0
1,12,1,1,1,1,1,1,19,0,0
1,8,1,3,14,1,0,1,19,0,1
1,4,1,22,3,0,0,1,19,0,1
2,17,1,21,12,1,0,1,41,0,1
1,12,1,5,5,0,0,1,19,0,0
1,12,3,1,1,1,0,1,23,0,1
1,7,1,13,28,0,0,1,18,0,1
1,9,1,3,14,0,0,1,19,0,0
1,4,14,3,3,1,0,1,20,0,0
1,6,1,22,27,0,0,1,35,0,1
4,14,12,13,1,0,0,1,34,0,1
1,5,1,3,3,1,0,0,19,0,0
1,10,1,13,1,1,0,1,22,1,0
1,5,1,1,4,0,0,1,20,0,0
2,7,1,13,14,0,0,1,30,0,1
1,11,1,1,1,1,0,1,20,0,1
1,5,1,22,28,1,0,1,18,0,0
1,8,1,7,14,0,0,1,26,0,1
1,17,1,1,1,0,0,1,26,0,0
1,9,1,13,14,0,0,1,26,0,1
1,17,1,22,27,0,0,1,31,0,1
1,2,1,22,14,1,0,1,20,0,0
1,15,1,13,9,1,0,1,19,0,0
1,14,1,19,3,1,0,1,23,0,1
1,12,1,1,1,1,0,1,20,0,1
1,12,1,1,1,0,0,1,20,0,0
1,3,1,19,24,1,0,1,29,0,1
1,15,1,13,14,1,0,1,20,0,0
1,12,1,22,27,0,0,1,24,0,0
1,13,12,27,1,0,0,1,37,0,1
1,12,1,22,14,1,0,1,18,0,1
1,2,1,2,14,1,0,1,18,0,1
1,12,1,13,3,0,0,1,18,0,0
1,4,1,22,27,0,0,1,35,0,1
1,11,1,13,28,0,0,0,19,0,1
1,2,1,1,14,1,0,1,18,0,0
1,12,1,13,2,1,0,0,19,0,0
1,4,14,22,27,1,0,1,30,0,1
2,15,1,22,27,0,0,1,51,0,1
1,6,1,2,14,0,0,0,18,1,0
1,2,1,1,1,1,0,0,18,0,0
1,2,1,25,33,1,0,0,18,0,0
1,12,1,23,27,1,0,0,18,0,0
1,8,1,2,16,1,0,0,18,0,1
1,2,1,1,1,1,0,0,23,0,0
1,15,1,3,3,1,0,0,18,0,1
1,2,1,10,10,1,1,0,18,0,0
1,6,16,3,1,1,0,0,21,0,0
1,15,1,1,27,0,0,0,20,0,0
1,6,1,1,7,0,0,0,24,0,0
1,8,1,1,1,1,0,0,18,0,0
1,12,1,13,1,1,0,0,18,0,0
1,15,1,13,1,1,0,0,19,0,0
1,10,14,1,27,1,0,0,20,0,0
1,12,1,4,10,1,0,0,18,0,0
1,12,1,13,1,1,0,0,18,0,0
1,12,1,3,3,1,0,0,19,0,0
1,14,1,3,14,1,0,0,18,0,0
1,12,1,22,27,1,0,0,20,0,0
1,13,1,23,1,1,0,0,18,0,0
2,3,1,13,27,0,0,0,18,0,1
1,16,1,10,10,1,0,0,18,0,0
1,12,1,1,27,1,0,0,18,0,0
1,12,1,13,28,1,0,0,18,0,0
1,12,1,13,28,1,0,0,20,0,0
1,5,1,13,27,1,0,0,22,0,0
1,10,1,22,28,1,0,0,18,0,0
1,9,1,22,28,0,0,0,18,0,0
1,14,1,1,28,0,0,0,18,0,1
1,10,1,1,1,0,0,0,19,0,0
1,6,1,23,14,1,0,0,19,0,0
1,15,1,13,14,0,0,0,18,0,0
1,12,1,1,1,1,0,0,18,0,0
1,12,1,13,1,1,0,0,18,0,0
1,14,1,23,28,1,0,0,19,0,0
1,10,1,13,14,1,0,0,18,0,0
1,12,12,13,27,0,0,0,25,0,0
1,12,1,13,28,1,0,0,19,0,0
1,12,1,1,28,1,0,0,18,0,0
1,8,1,4,1,1,0,0,19,0,0
2,12,1,13,28,0,0,0,18,0,0
1,6,1,13,14,0,0,0,24,0,1
1,15,1,3,3,1,0,0,21,0,0
1,11,1,1,1,1,0,0,18,0,0
1,10,1,23,28,1,0,0,18,0,0
2,5,1,10,14,0,0,0,20,0,0
1,5,1,4,14,1,0,0,19,0,0
1,15,1,1,14,1,0,0,19,0,1
1,12,1,22,27,1,0,0,30,0,0
1,12,1,13,28,0,0,0,18,0,0
1,6,1,1,14,1,0,0,18,0,0
1,15,1,23,28,1,0,0,18,0,0
1,12,1,23,27,0,0,0,20,0,0
1,11,1,23,28,0,0,0,19,0,1
1,11,1,13,14,1,0,0,19,0,1
1,2,1,13,27,1,0,0,19,0,1
1,11,1,1,28,1,0,0,18,0,0
1,16,1,13,28,1,0,0,19,0,0
1,12,3,22,27,0,0,0,25,0,0
1,10,1,10,28,1,0,0,19,0,1
1,10,1,1,1,1,0,0,19,0,0
1,14,1,1,1,1,0,0,20,0,0
1,12,1,1,1,1,0,0,20,0,0
1,6,1,1,3,1,0,0,19,0,0
1,4,4,3,1,1,0,0,31,0,0
1,6,1,1,14,0,0,0,20,0,0
1,14,1,1,2,1,0,0,18,0,0
1,6,1,2,14,1,0,0,20,0,0
1,14,1,13,14,0,0,0,19,0,1
1,9,1,13,14,0,0,0,21,0,0
1,12,1,1,10,1,0,0,18,0,0
1,5,1,1,1,1,0,0,21,0,1
1,10,14,1,14,0,0,0,20,0,0
1,14,1,10,1,1,0,0,18,0,0
1,9,1,13,14,1,0,0,18,0,0
1,10,1,13,14,1,0,0,18,0,0
1,6,14,23,27,1,0,0,21,0,0
1,12,1,23,14,0,0,0,18,0,0
1,12,1,13,1,1,0,0,18,0,0
1,11,1,22,27,1,0,0,20,0,0
2,12,2,22,27,0,0,0,32,0,0
1,12,1,13,27,1,0,0,23,0,0
1,3,1,22,14,0,0,0,18,0,0
1,2,2,22,27,1,0,0,34,0,1
1,9,1,22,28,0,0,0,21,0,0
1,11,1,13,7,1,0,0,20,0,1
1,10,1,18,14,1,0,0,18,0,0
1,6,1,3,27,1,0,0,18,0,0
1,15,1,22,27,0,0,0,18,0,0
1,3,1,22,28,1,0,0,24,0,1
1,9,1,13,14,0,0,0,32,0,0
1,11,1,1,1,1,0,0,24,0,1
1,10,1,23,27,0,0,0,18,0,1
1,11,1,23,28,0,0,0,28,0,0
1,16,1,13,28,1,0,0,18,0,1
1,16,3,19,24,1,0,0,24,0,1
1,6,1,1,27,0,0,0,19,0,0
2,3,1,22,27,0,0,0,44,0,0
1,6,1,22,27,1,0,0,18,0,0
1,2,1,22,27,1,0,0,18,0,0
1,15,1,1,1,0,0,0,22,0,1
1,16,1,22,27,0,0,0,18,0,0
2,17,1,22,27,0,0,0,44,0,0
5,16,12,23,1,0,0,0,33,0,1
2,16,1,22,27,0,0,0,32,0,1
2,4,1,13,14,0,0,0,35,0,1
1,10,1,13,14,1,0,0,20,0,0
1,11,1,3,1,1,0,0,24,0,0
1,12,1,23,1,0,0,0,19,0,0
1,15,1,1,1,1,0,1,19,0,0
1,4,1,13,1,1,0,1,27,0,1
1,16,1,13,1,0,0,0,30,0,1
1,2,1,23,28,1,0,1,21,0,1
1,5,1,1,10,1,0,1,19,0,0
1,12,1,4,14,0,0,1,18,0,0
1,2,1,3,2,1,0,1,21,0,0
1,12,1,13,27,1,0,0,19,0,0
1,15,1,22,28,1,0,1,18,0,0
1,12,1,13,14,1,0,0,19,0,0
4,11,1,23,27,0,0,0,45,0,1
1,6,1,13,27,1,0,0,26,0,0
2,17,1,22,27,1,0,1,51,0,1
2,15,12,22,27,0,0,1,49,0,0
1,9,1,1,27,1,0,1,22,0,1
2,8,3,3,3,0,0,0,33,0,1
1,14,1,22,27,0,0,0,20,1,0
1,10,1,23,14,1,0,0,18,0,0
1,16,1,23,27,1,0,0,20,0,1
2,17,1,23,27,0,0,0,37,1,0
1,11,1,22,1,1,0,1,18,1,0
1,11,1,1,14,1,0,0,19,0,0
1,6,14,1,14,1,0,0,21,0,0
1,12,1,13,1,0,0,0,20,0,0
1,12,1,22,1,1,0,0,19,0,1
1,13,1,23,14,1,0,0,20,0,1
1,12,1,3,1,1,0,0,18,0,0
1,12,1,1,14,1,0,0,19,0,0
1,10,1,22,28,0,0,0,18,0,0
1,10,1,23,28,1,0,0,18,0,0
1,15,1,1,14,1,0,0,18,0,1
1,13,1,1,14,1,0,0,18,0,0
1,5,1,22,14,1,0,0,19,1,0
1,4,16,1,14,0,0,0,24,0,0
1,9,1,1,14,1,0,0,21,0,0
1,6,14,23,27,0,0,0,20,0,1
1,12,1,13,27,1,0,0,19,0,0
1,13,1,13,14,1,0,0,19,0,0
1,12,1,1,1,1,0,0,18,0,0
1,6,1,23,28,1,0,0,19,0,0
1,9,1,23,14,1,0,0,21,0,0
1,16,1,1,28,1,0,0,19,0,0
1,11,1,13,1,1,0,0,18,0,0
1,5,1,4,1,1,1,0,17,0,0
1,9,1,22,1,1,0,1,23,0,1
1,14,1,1,27,1,0,0,19,0,0
1,12,1,13,3,1,0,0,18,0,0
1,14,1,23,28,1,0,0,20,0,0
1,6,1,1,14,1,0,0,19,0,0
1,10,1,13,28,1,0,0,18,0,0
1,10,1,22,27,0,0,0,19,0,0
1,10,1,23,1,1,0,0,19,0,0
1,12,1,13,27,1,0,0,18,0,0
1,12,1,3,3,1,0,0,18,0,0
1,12,1,23,28,1,0,0,19,0,0
1,12,1,23,27,0,0,0,19,0,0
1,12,1,4,4,0,0,0,19,0,0
1,12,1,22,27,1,0,0,21,0,0
1,15,1,3,1,1,0,0,18,0,0
1,15,1,13,27,0,0,0,19,0,0
1,15,1,13,27,0,0,0,18,0,1
1,3,3,1,1,0,0,0,30,0,1
1,8,1,3,2,1,0,0,18,0,1
1,12,1,13,14,1,0,0,20,0,0
1,14,12,1,1,0,0,0,25,0,1
1,12,1,23,27,1,0,0,18,0,0
1,12,1,5,4,0,0,0,18,0,0
1,12,1,22,27,1,0,0,18,0,0
1,16,1,3,3,1,0,0,29,0,1
1,8,1,3,3,0,0,0,20,0,0
1,12,3,3,1,0,0,0,26,0,1
1,10,1,23,1,1,0,0,21,0,0
1,12,1,22,14,0,0,0,19,0,0
1,11,1,13,14,1,0,0,19,0,1
1,3,1,1,1,0,0,0,20,0,0
1,12,1,22,27,1,0,0,18,0,0
1,15,1,19,14,1,0,0,20,0,1
1,10,1,13,28,0,1,0,20,0,0
1,15,1,22,27,1,0,0,18,0,0
1,6,14,3,3,1,0,0,22,0,0
1,4,1,13,1,1,0,0,19,0,0
1,13,1,13,14,1,0,0,18,0,0
1,10,1,23,28,1,0,0,20,0,0
1,16,1,23,27,1,0,0,18,0,1
1,14,1,1,14,1,0,0,21,0,1
1,10,1,1,14,0,0,0,19,0,0
1,12,1,23,28,1,0,0,18,0,1
1,15,1,10,10,1,0,0,18,1,0
1,6,1,13,14,1,0,0,21,0,1
1,9,1,1,28,0,0,0,19,0,0
1,9,1,22,27,1,0,0,19,0,0
1,10,1,1,14,1,0,0,19,0,1
1,2,1,5,3,0,0,0,18,0,0
1,11,1,23,28,0,0,0,19,0,1
1,12,1,23,1,1,0,0,20,0,1
1,12,1,12,13,1,0,0,18,0,1
1,2,1,13,14,1,0,0,19,0,1
1,5,1,13,1,1,0,0,18,0,0
1,10,1,1,27,0,0,0,19,0,0
1,9,1,13,27,1,0,0,20,0,0
1,12,1,1,1,1,0,0,19,0,0
1,12,1,13,28,1,0,0,18,0,0
1,11,1,13,1,0,0,0,25,0,1
1,5,1,22,27,1,0,0,18,0,0
1,15,1,23,14,1,0,0,19,0,0
1,13,1,13,28,1,0,0,19,0,0
1,9,1,13,14,0,0,0,20,0,1
1,6,1,23,27,1,0,0,20,0,0
1,10,1,1,1,1,0,0,21,0,0
1,2,1,3,1,1,0,0,19,0,0
2,3,9,22,27,0,0,0,42,0,0
1,5,1,22,27,0,0,0,19,0,0
1,11,1,23,14,1,0,0,18,0,0
1,6,1,13,14,1,0,0,21,0,0
1,10,1,23,27,0,0,0,20,0,0
1,16,1,1,14,1,0,0,20,0,0
1,12,1,23,27,1,0,0,19,0,0
1,10,1,1,14,0,0,0,21,0,0
1,5,1,23,14,1,1,0,19,0,0
1,12,1,13,14,0,0,0,19,0,0
1,6,14,22,14,1,0,0,22,0,0
1,16,1,3,1,0,0,0,21,0,0
1,11,1,22,27,1,0,0,18,0,1
1,12,1,1,3,0,0,0,20,0,0
1,14,1,19,27,1,0,0,18,0,1
1,10,1,13,27,0,0,0,20,0,1
1,12,1,1,1,1,0,0,23,0,0
1,15,1,1,1,1,0,0,18,0,0
1,10,14,1,1,1,0,0,20,0,0
1,12,1,23,27,1,0,0,18,0,0
1,9,1,23,28,1,0,0,20,0,0
1,12,1,1,3,1,0,0,18,0,0
1,14,1,3,3,1,0,0,20,0,0
1,12,1,1,1,1,0,0,19,0,0
1,6,14,1,14,0,0,0,21,0,0
2,5,17,22,1,0,0,0,33,0,0
1,6,1,10,2,0,0,0,24,0,1
1,10,1,1,28,0,0,0,20,0,0
1,2,1,13,28,1,0,0,18,0,0
1,5,1,1,1,1,0,0,18,0,0
1,3,6,19,24,0,0,0,29,0,1
1,12,1,1,1,0,1,0,18,0,0
1,15,1,23,27,1,0,0,19,0,0
1,2,1,23,28,1,0,0,19,0,1
1,10,1,13,14,0,0,0,18,0,0
1,12,1,13,14,0,0,0,19,0,0
1,16,1,22,14,0,0,0,20,0,1
1,11,1,13,14,1,0,0,19,0,0
1,12,1,13,28,1,0,0,18,0,0
1,11,1,3,1,0,0,0,19,0,0
1,15,1,1,1,0,0,1,20,0,1
1,12,1,4,14,1,0,1,18,0,1
1,4,1,3,1,0,0,1,35,0,1
1,2,1,22,14,1,0,1,19,0,0
1,9,1,23,28,1,0,1,19,0,1
1,13,1,1,1,0,0,1,24,0,1
1,3,1,22,27,1,0,1,29,0,1
1,12,1,23,3,0,0,1,24,0,0
1,11,1,13,28,1,0,1,19,0,0
2,2,3,13,14,1,0,1,37,0,1
1,5,1,1,1,1,0,1,18,0,0
1,9,1,24,29,1,0,1,18,0,1
1,15,1,1,28,1,0,1,18,0,1
1,12,1,1,1,1,0,1,18,0,0
1,5,1,22,27,1,0,1,19,0,0
1,10,1,13,28,0,0,1,19,0,1
1,4,14,13,14,1,0,1,21,0,0
1,13,1,3,3,0,0,1,18,0,0
1,9,1,13,14,1,0,1,19,0,1
1,15,17,13,1,0,0,1,25,0,0
1,5,1,22,1,1,0,1,22,0,0
1,12,1,1,1,0,0,1,24,0,0
1,12,1,1,3,1,0,1,19,0,0
1,2,1,23,27,0,0,1,20,0,1
1,12,1,13,14,1,0,1,19,0,0
1,11,1,22,27,1,0,1,19,0,1
1,14,1,3,3,1,0,1,19,0,0
1,4,1,22,27,0,0,1,23,0,1
2,15,1,22,28,0,0,1,47,0,1
1,5,1,1,1,0,0,1,19,0,0
1,2,1,1,28,1,0,1,19,0,0
1,2,1,3,3,1,0,1,18,0,1
1,9,1,1,3,0,0,1,28,0,1
1,11,6,19,24,1,0,1,20,0,1
1,2,1,13,14,1,0,1,21,0,0
1,11,12,23,27,0,0,1,24,0,1
1,11,1,3,1,0,0,1,28,0,0
1,12,1,23,27,1,0,1,18,0,0
1,11,12,22,27,0,0,1,48,0,1
1,10,1,22,27,1,0,1,21,0,0
1,7,1,22,10,1,0,1,23,0,1
1,8,1,1,1,1,0,1,18,0,0
1,10,14,1,1,0,0,1,22,0,1
1,2,1,13,27,1,0,1,25,0,1
1,6,15,5,3,0,0,1,27,0,1
1,7,9,19,24,0,0,1,49,0,1
1,17,1,13,27,0,0,1,31,0,1
1,11,1,22,27,0,0,1,54,0,1
1,1,15,23,27,1,0,1,25,0,1
1,5,3,4,4,0,0,1,28,0,1
2,3,12,22,27,0,0,1,41,0,0
1,9,1,1,1,0,0,1,22,0,1
1,11,1,2,1,0,0,1,34,0,1
1,4,1,23,28,0,0,1,28,0,1
1,4,3,24,29,0,0,1,50,0,1
1,9,1,3,1,1,0,1,19,0,1
1,12,1,3,4,0,0,1,18,0,1
2,17,1,22,27,0,0,1,59,0,1
2,17,3,19,24,1,0,1,33,0,1
1,5,1,22,28,1,0,1,23,0,0
2,17,12,22,1,0,0,1,44,0,1
2,3,1,19,24,1,0,1,37,0,1
2,2,12,22,27,0,0,1,36,0,1
1,17,1,1,3,0,0,1,22,0,1
2,3,12,22,27,0,0,1,49,0,0
1,15,1,1,32,1,0,1,23,0,0
2,3,1,22,27,0,0,1,47,0,1
1,4,1,1,2,0,0,1,28,0,0
1,11,1,23,1,0,0,1,21,0,1
1,10,14,2,1,0,0,1,21,0,0
2,9,1,22,27,0,0,1,49,0,1
1,17,1,13,27,0,0,1,40,0,0
1,11,1,1,1,0,0,1,22,0,0
1,17,1,3,28,0,0,1,31,0,1
1,7,1,5,5,0,0,1,30,0,1
1,10,1,22,27,0,0,1,19,0,0
1,9,1,19,24,0,0,1,22,0,1
1,15,1,13,27,0,0,1,19,0,0
1,2,1,1,27,0,0,1,21,0,1
1,14,1,1,28,0,0,1,19,0,0
1,9,1,1,14,1,0,1,22,0,1
1,10,1,4,5,0,0,1,22,0,0
1,10,1,1,1,0,0,1,19,0,0
1,11,14,1,1,0,0,1,26,0,1
1,9,1,1,14,0,0,1,20,0,1
1,8,3,2,28,1,0,1,18,0,1
4,17,13,3,1,0,0,1,39,0,1
1,12,1,13,1,0,0,1,18,0,1
1,7,1,1,28,0,0,1,18,0,0
1,10,1,13,28,0,0,1,19,0,0
1,12,1,1,14,0,0,1,18,0,0
1,9,1,19,14,1,0,1,18,0,1
1,8,14,22,27,1,0,1,22,0,0
1,10,1,1,1,0,0,1,19,0,0
1,8,1,13,27,1,0,1,18,0,1
1,7,12,1,1,0,0,1,31,0,1
1,17,1,3,1,0,0,1,28,0,1
1,5,1,1,1,0,0,1,19,0,1
1,11,1,1,1,0,0,1,20,0,0
4,10,1,13,3,0,0,1,50,0,1
2,17,1,22,27,1,0,1,31,0,1
1,10,1,1,3,1,0,1,21,0,0
2,7,1,22,27,0,0,1,34,0,1
2,17,1,22,27,1,0,1,40,0,1
1,2,1,23,14,1,0,1,18,0,0
2,5,9,22,28,0,0,1,46,0,1
1,3,1,19,24,0,0,1,37,0,1
1,4,1,13,27,1,0,1,31,0,1
1,4,1,1,14,0,0,1,34,0,0
1,2,1,8,8,1,0,1,18,0,1
1,14,1,23,27,0,0,1,18,0,0
1,5,1,1,1,1,0,1,19,0,0
1,17,1,22,14,0,0,1,40,0,1
1,8,1,1,28,0,0,1,25,0,1
1,7,1,23,28,1,0,1,20,0,1
1,4,1,22,27,1,0,1,43,0,1
1,4,1,2,4,0,0,1,35,0,0
1,17,1,22,14,0,0,1,23,0,0
1,12,1,3,3,0,0,1,19,0,0
1,6,16,1,14,1,0,1,21,0,0
1,7,1,1,1,1,0,1,20,0,0
1,14,1,13,14,0,1,1,30,0,1
4,11,1,22,14,1,0,1,44,0,0
1,12,1,13,3,0,0,1,19,0,0
1,8,14,2,1,1,0,1,22,0,0
1,8,1,3,3,0,0,1,18,0,0
1,14,1,22,27,1,0,1,21,0,0
1,6,1,22,14,0,0,1,18,0,1
1,14,1,3,1,1,0,1,18,0,0
1,2,1,1,1,0,0,1,19,0,0
1,4,14,1,28,1,0,1,21,0,1
1,4,1,3,3,0,0,1,31,0,0
1,11,1,1,1,1,0,1,21,0,1
1,15,1,13,6,0,0,1,27,0,1
1,9,1,13,14,1,0,1,20,0,0
1,15,1,1,1,1,0,1,19,0,0
1,8,1,10,10,1,0,1,18,0,0
1,8,1,1,14,1,0,1,29,0,1
1,2,1,13,3,1,0,1,19,0,0
1,14,1,22,27,0,0,1,21,0,1
1,9,1,22,1,0,0,1,25,0,0
1,9,1,22,27,0,0,1,32,0,1
1,17,1,3,4,0,0,1,26,0,1
1,8,1,2,27,1,0,1,18,0,0
1,11,1,1,14,0,0,1,19,0,0
1,5,1,13,28,1,0,1,19,0,0
1,7,15,1,1,0,0,1,27,0,1
1,5,14,13,28,1,0,1,21,0,0
1,2,1,1,28,1,0,1,19,0,0
1,9,1,23,14,1,0,1,18,0,1
1,10,1,13,1,0,0,1,28,0,1
2,4,1,1,27,0,0,1,25,0,1
1,4,1,22,1,0,0,1,25,0,1
1,11,1,4,14,0,0,1,26,0,1
1,9,1,22,27,1,0,1,18,0,0
1,4,1,1,3,0,0,1,25,0,1
1,15,1,3,14,1,0,1,19,0,0
1,12,1,1,1,0,0,1,19,0,0
4,3,12,1,27,0,0,1,45,0,1
2,17,1,22,27,0,0,1,52,0,0
1,9,1,13,14,1,0,1,20,0,1
1,12,1,23,27,1,0,1,19,0,0
1,12,1,1,28,0,0,1,21,0,1
2,3,1,22,27,0,0,1,35,0,0
2,2,9,22,27,1,0,1,36,0,0
4,12,12,22,28,0,0,1,47,0,1
1,17,1,28,30,0,0,1,22,0,1
2,17,1,22,27,1,0,1,41,0,1
1,7,3,19,24,0,0,1,26,0,1
2,3,1,19,24,0,0,0,51,0,1
2,3,1,19,24,1,0,0,41,0,0
1,9,1,19,27,1,0,1,23,0,0
1,10,1,19,21,1,0,1,22,0,1
1,5,1,22,27,1,1,1,25,0,1
1,17,1,22,27,1,0,1,25,0,0
1,2,16,1,14,1,0,1,22,0,0
1,6,2,23,28,0,0,1,47,0,1
2,17,12,22,27,1,0,1,41,0,1
1,4,1,22,27,1,0,1,43,0,0
1,4,1,1,27,0,0,1,29,0,1
1,7,1,22,27,0,0,1,30,0,1
1,9,13,13,28,0,0,1,26,0,1
1,17,1,13,28,0,0,1,27,0,1
2,14,1,22,27,0,0,1,36,0,0
1,4,12,1,14,0,0,1,29,0,1
1,7,1,19,24,1,0,1,35,0,1
1,15,1,23,28,0,0,1,18,0,0
1,17,1,23,27,0,0,1,24,0,0
1,15,1,23,28,1,0,1,18,0,1
1,7,1,23,27,1,0,1,21,0,0
1,4,1,1,3,0,0,1,32,0,0
1,7,1,22,27,1,0,1,22,0,1
1,4,3,1,28,1,0,1,32,0,1
1,14,6,19,24,0,0,1,35,0,1
1,9,1,1,28,1,0,1,23,0,1
2,14,1,19,24,0,0,1,35,0,1
2,4,3,3,14,0,0,1,32,0,0
1,16,1,19,24,0,0,1,20,0,1
1,17,15,22,27,1,0,1,44,0,1
2,11,12,22,14,0,0,1,53,0,0
1,7,12,22,27,0,0,1,28,0,1
1,17,3,22,27,0,0,1,31,0,1
1,4,1,1,3,0,0,1,44,0,1
1,6,1,1,1,1,0,1,19,0,0
1,7,1,3,14,0,0,1,18,0,1
1,4,14,13,14,1,0,1,20,0,0
1,5,1,22,27,0,0,1,55,0,0
1,7,1,10,14,0,0,1,19,0,1
1,9,1,13,27,0,0,1,18,0,0
2,15,1,22,27,0,0,1,43,0,1
1,11,1,13,14,1,0,1,18,0,1
1,2,1,3,3,1,0,1,18,0,1
1,11,1,22,28,1,0,1,20,0,1
2,17,1,22,14,0,0,1,29,0,1
1,8,12,22,27,1,0,1,44,0,1
1,5,1,23,27,1,0,1,20,0,1
2,9,1,22,27,1,0,1,36,0,1
2,6,12,22,27,0,0,1,29,0,1
1,14,1,1,1,1,0,1,18,0,1
1,4,1,1,1,0,0,1,24,0,1
1,15,1,3,14,0,0,1,20,0,0
2,3,12,13,27,0,0,1,45,0,1
1,12,1,23,27,1,0,1,28,0,0
1,12,1,1,14,1,0,1,18,0,0
1,9,1,13,14,1,0,1,23,0,1
1,5,1,13,14,0,0,1,22,0,0
1,17,9,22,28,0,0,1,33,0,0
1,4,16,1,28,0,0,1,21,0,0
2,9,1,22,27,0,0,1,45,0,0
2,4,1,22,27,0,0,1,44,0,1
4,14,1,13,14,0,0,1,42,0,1
1,9,1,13,1,1,0,1,20,0,1
1,11,1,1,28,1,0,1,20,0,0
1,3,1,1,1,0,0,1,26,0,1
2,4,1,22,27,0,0,1,31,0,0
1,15,1,1,14,0,0,1,19,0,0
1,15,12,22,27,1,0,1,28,0,0
1,2,1,13,27,1,0,1,20,0,0
2,3,1,22,1,1,0,0,43,0,0
1,2,12,1,14,0,0,1,25,1,1
1,10,12,22,27,0,1,0,40,0,1
1,6,14,5,4,0,0,0,20,1,0
2,3,9,22,27,0,0,0,46,0,0
1,1,1,13,27,0,0,0,26,0,0
2,12,1,3,1,0,0,0,34,0,0
1,16,1,23,27,1,0,0,19,0,1
1,12,1,13,14,1,0,0,18,0,0
1,13,1,13,14,1,0,0,18,0,0
1,3,1,23,27,0,0,1,37,0,0
1,2,1,13,28,0,0,1,23,0,0
1,5,1,13,28,0,0,1,26,0,0
1,15,1,13,28,1,0,0,18,1,1
1,12,1,3,3,1,0,0,19,0,0
1,6,1,13,1,0,0,0,18,1,0
1,14,1,1,3,1,0,0,19,0,1
1,5,1,1,1,0,0,0,22,0,0
1,12,1,13,1,1,0,0,18,0,0
1,11,1,13,29,0,0,0,18,0,0
1,15,1,23,28,1,0,0,18,0,0
1,11,1,23,27,1,0,0,18,0,0
1,11,1,4,3,1,0,0,18,0,0
1,12,1,1,14,1,0,0,19,0,0
1,16,1,13,1,0,0,0,20,0,1
1,10,1,1,14,1,0,0,19,0,1
1,6,1,3,1,1,0,0,18,0,0
1,5,1,1,1,1,0,0,18,0,1
1,12,1,13,14,1,0,0,18,0,0
1,15,1,3,28,1,0,0,18,0,0
1,9,1,13,28,0,0,0,18,0,0
1,15,1,1,1,1,0,0,18,0,0
1,4,14,22,28,0,0,0,20,0,0
1,10,1,23,27,1,0,0,19,0,0
1,10,1,23,28,1,0,0,19,0,0
1,14,1,13,14,0,0,0,19,0,0
1,14,1,27,1,0,1,0,20,1,0
1,8,1,23,14,1,0,0,18,0,0
1,9,3,1,29,0,0,0,33,0,1
1,16,1,13,14,0,0,0,19,0,1
1,13,1,1,1,0,0,0,18,0,0
1,5,1,13,1,0,0,0,19,0,1
1,15,1,3,1,1,0,0,18,0,0
1,10,1,13,14,1,0,0,20,0,0
1,12,1,13,27,1,0,0,19,0,0
1,15,1,13,14,1,0,1,18,0,0
1,11,1,1,2,1,0,1,19,0,1
1,3,1,22,27,1,0,0,25,1,0
1,3,1,23,27,0,0,0,19,0,0
1,17,1,19,24,1,0,1,33,0,1
1,9,1,1,1,0,0,0,19,1,0
1,15,1,13,1,1,0,0,18,0,1
1,16,1,3,14,1,0,0,18,0,0
1,12,1,13,27,1,0,0,18,0,0
2,12,12,23,28,0,0,0,37,0,1
1,11,1,22,27,1,0,0,20,1,0
1,10,1,13,14,0,0,1,21,1,0
1,12,1,23,1,0,0,0,18,0,0
1,15,1,13,1,1,0,0,18,0,0
1,12,1,13,27,0,0,0,18,0,0
1,12,1,23,28,1,0,0,31,0,0
1,10,1,1,1,0,0,0,23,0,0
1,12,1,22,14,1,0,0,19,0,0
1,15,1,22,28,1,0,0,20,0,0
2,3,1,22,27,0,0,0,40,0,0
1,6,14,22,27,1,0,0,32,0,1
1,11,1,22,27,1,0,0,24,0,1
1,12,1,13,27,1,0,0,18,0,0
1,10,1,22,27,0,0,0,18,0,0
1,10,1,13,27,1,0,0,18,0,0
1,4,1,23,28,1,0,0,27,0,1
1,9,1,23,27,0,0,0,18,0,0
1,16,1,13,10,1,0,0,19,0,0
1,3,1,22,24,1,0,0,19,0,0
1,16,1,22,27,0,0,0,20,0,1
1,4,1,13,14,0,0,0,30,0,1
1,9,3,22,14,0,0,0,21,0,0
1,13,1,13,14,0,0,0,26,0,1
1,5,1,13,27,0,0,0,18,0,0
1,5,1,1,27,1,0,0,21,0,1
1,2,1,13,28,0,0,0,18,0,1
1,16,1,22,27,1,1,0,19,0,1
1,10,1,23,14,1,0,0,19,0,0
1,6,1,23,27,1,0,0,19,0,1
1,10,1,22,27,1,0,0,19,0,1
2,6,14,22,27,0,0,0,27,0,0
1,6,1,22,27,1,0,0,22,0,0
1,15,1,22,1,1,0,0,18,0,1
1,11,1,23,28,1,0,0,20,0,0
2,17,1,22,27,0,0,0,34,0,1
1,12,1,1,28,1,0,0,18,0,0
1,15,1,1,1,1,0,1,20,0,0
1,8,1,1,14,1,0,0,20,1,0
1,17,1,1,28,0,0,1,25,0,1
1,7,1,3,14,1,0,1,18,0,1
1,8,1,1,1,0,0,1,18,0,1
1,16,1,13,28,1,0,0,18,0,1
1,11,1,1,14,0,0,0,19,0,0
1,16,1,23,14,1,0,0,19,0,1
1,10,1,1,1,0,0,0,21,0,0
1,5,1,1,27,1,0,0,20,0,0
1,3,16,13,27,1,0,0,21,0,0
1,17,1,22,27,0,0,0,34,1,1
1,15,1,1,27,1,0,0,20,1,0
1,17,1,22,27,0,0,1,24,0,1
1,12,1,1,1,0,0,1,18,0,0
1,17,1,1,1,0,0,1,28,0,1
1,11,1,23,28,0,0,1,20,0,1
1,12,1,1,1,1,0,1,22,0,0
1,12,1,13,1,1,0,1,19,0,0
1,13,1,3,1,0,0,1,26,0,1
1,11,1,22,27,1,0,1,21,0,1
1,2,1,3,3,1,0,1,18,0,0
1,9,1,22,28,1,0,1,18,0,0
1,2,1,13,14,1,0,1,22,0,0
2,7,12,22,27,0,0,1,36,0,1
1,15,1,23,28,1,0,1,20,0,0
1,14,1,3,4,0,0,1,20,0,1
1,17,1,22,1,0,0,1,25,0,1
1,4,1,22,14,0,0,1,35,0,0
1,2,1,1,27,0,0,1,22,0,1
1,4,14,23,28,0,0,1,20,0,1
1,3,9,22,1,0,0,1,50,0,1
1,12,1,13,28,0,0,1,20,0,1
1,4,3,3,14,0,0,1,35,0,1
1,14,1,3,14,0,0,1,19,0,0
2,9,1,22,27,0,0,1,43,0,1
1,12,1,3,28,0,0,1,19,0,0
1,12,1,22,27,0,0,1,25,0,0
1,2,1,1,3,1,0,1,19,0,0
1,2,1,23,27,1,0,1,22,0,1
1,11,1,22,27,0,0,1,19,0,1
2,17,1,13,27,0,0,1,32,0,1
2,15,13,22,27,1,0,1,57,0,0
1,12,1,1,14,0,0,1,20,0,1
1,17,1,1,1,1,0,1,38,0,1
2,17,1,22,3,0,0,1,45,0,0
2,15,1,22,27,0,0,1,43,0,1
1,5,1,23,1,1,0,1,19,0,0
2,17,12,13,14,0,0,1,49,0,1
1,3,1,22,28,0,0,1,34,0,1
2,17,1,23,28,0,0,1,43,0,0
1,11,1,13,1,0,0,1,21,0,1
1,14,1,13,27,1,0,1,19,0,0
2,13,1,22,27,0,0,1,43,0,1
1,17,1,22,27,0,0,1,31,0,0
1,17,1,22,28,0,0,1,34,0,0
4,12,12,19,24,0,0,1,30,0,0
2,12,12,23,28,0,0,1,36,0,1
1,17,3,22,27,0,0,1,46,0,1
1,6,1,1,14,0,0,1,22,0,0
1,4,3,1,14,0,0,1,27,0,1
1,7,1,13,14,0,0,1,31,0,1
1,15,1,1,28,1,0,1,21,0,1
1,9,1,13,14,0,0,1,21,0,1
1,9,1,1,4,0,0,1,19,0,0
1,9,1,13,14,1,0,1,20,0,0
1,4,1,23,1,0,0,1,18,0,0
1,15,1,1,1,0,0,1,18,0,0
1,11,12,13,14,0,0,1,34,0,1
1,5,14,22,1,0,0,1,20,0,1
1,12,1,22,27,0,0,1,18,0,0
1,2,1,1,1,1,0,1,21,0,1
2,4,1,3,1,0,0,1,26,0,1
1,7,1,23,14,1,0,1,20,0,1
1,4,14,1,28,0,0,1,25,0,1
1,9,1,13,5,1,0,1,24,0,1
1,8,1,3,3,0,0,1,20,0,0
1,9,1,1,3,0,0,1,20,0,1
1,5,1,3,1,1,0,0,18,0,0
1,11,1,23,27,1,0,0,22,0,0
1,3,1,22,27,0,0,0,41,0,1
1,9,1,22,28,0,0,0,19,0,1
1,8,1,3,3,1,0,0,21,0,0
1,6,1,1,1,1,0,0,30,0,1
1,12,1,23,28,1,0,0,21,0,0
1,14,1,1,1,0,0,0,21,1,0
1,12,1,1,1,1,0,0,18,0,0
1,6,1,3,1,1,0,0,19,0,0
1,6,1,1,28,1,0,0,18,0,0
1,9,1,13,1,1,0,0,18,0,1
1,12,1,22,27,1,0,0,24,0,0
1,6,14,13,14,1,0,0,23,0,0
1,12,1,23,14,1,0,0,18,0,0
1,8,1,23,28,1,0,0,20,0,0
1,10,1,4,1,0,0,0,18,0,0
1,10,1,2,10,1,0,0,20,0,0
1,15,1,1,10,1,0,0,22,0,0
1,12,1,22,27,1,0,0,20,0,0
1,12,1,1,27,1,0,0,19,0,0
1,8,1,3,1,1,0,0,18,0,1
1,9,1,23,27,0,0,0,18,0,0
1,6,1,22,1,1,0,0,19,0,0
1,5,1,13,28,1,0,0,19,0,0
1,3,1,19,24,0,0,0,24,0,0
1,10,1,22,27,0,0,0,21,0,0
1,10,1,1,1,1,0,0,20,0,0
1,11,1,13,14,0,0,0,28,0,1
1,16,1,22,14,1,0,0,21,0,0
1,4,1,3,2,0,0,1,36,0,1
2,17,1,22,27,0,0,1,42,0,1
2,17,1,22,27,0,0,1,47,0,1
1,7,1,1,28,0,0,1,25,0,1
1,14,9,1,27,0,0,1,25,0,0
2,3,12,13,27,0,0,1,48,0,1
1,17,1,23,28,0,0,1,32,0,0
1,17,15,23,28,0,0,1,38,0,1
1,10,15,22,27,0,0,1,37,0,0
1,9,1,22,27,0,0,1,26,0,1
1,6,14,3,5,0,0,1,23,0,1
1,12,4,3,28,1,0,1,26,0,1
1,3,3,7,7,0,0,0,26,0,0
1,12,1,1,1,1,0,0,18,0,0
1,12,3,22,27,1,0,0,27,0,0
6,3,1,13,1,0,0,0,24,0,1
1,9,1,23,14,1,0,0,20,0,0
1,12,1,1,14,1,0,0,18,0,1
1,13,1,13,28,1,0,0,18,0,0
1,12,1,22,27,1,0,0,18,0,0
1,12,1,1,1,1,0,0,19,0,0
1,12,1,23,27,1,0,0,18,0,0
1,4,3,1,27,1,0,0,23,0,0
1,10,1,13,14,1,0,0,21,0,0
1,12,1,23,28,1,0,0,18,0,0
1,16,1,19,27,1,0,0,20,0,1
1,5,1,22,27,0,0,0,18,0,0
1,3,1,22,27,0,0,0,29,0,0
1,15,7,23,1,1,0,1,28,0,1
1,14,1,13,14,0,0,1,24,0,1
1,2,1,22,27,0,0,1,33,0,1
1,9,1,13,27,1,0,1,19,0,1
1,6,1,23,14,0,0,1,19,0,0
4,3,1,22,27,0,0,1,37,0,0
1,2,1,23,27,1,0,1,18,0,0
2,12,13,22,27,0,0,1,37,0,0
1,12,1,22,27,0,0,1,36,0,1
1,14,1,1,28,1,0,1,19,0,0
1,12,1,13,1,1,0,1,33,0,0
1,7,1,1,1,0,0,1,34,0,1
1,11,1,3,14,1,0,0,18,0,0
1,8,14,3,1,1,0,0,20,0,1
1,15,1,13,27,0,0,0,19,0,0
1,6,1,13,14,1,0,0,20,0,0
1,10,1,13,14,1,0,0,19,0,0
1,12,1,13,14,1,0,0,19,0,0
1,15,1,22,14,1,0,0,22,1,0
1,15,1,1,28,0,0,0,18,0,0
1,16,1,23,27,0,0,0,19,0,0
1,12,1,13,1,1,0,0,31,0,1
1,12,1,1,1,1,0,0,18,0,0
1,10,1,1,14,0,0,0,19,0,0
1,2,1,3,28,1,0,0,18,0,0
1,10,1,22,28,0,0,0,19,0,0
1,12,1,13,14,0,0,0,19,0,0
2,3,3,22,24,0,0,0,30,0,0
1,12,1,1,1,1,0,0,18,0,0
1,6,1,5,3,1,0,0,21,0,1
1,10,1,1,28,0,0,0,19,0,0
1,8,1,13,14,1,0,0,19,0,1
1,14,1,1,14,1,0,0,19,0,0
2,17,1,22,27,0,0,0,39,0,0
1,2,1,3,1,1,0,0,20,0,1
1,9,1,13,28,1,0,0,19,0,0
1,6,1,13,14,1,0,0,24,0,0
2,9,1,13,27,0,0,0,34,0,0
2,17,1,19,24,1,0,0,46,0,1
1,17,1,22,27,0,0,0,37,0,1
1,6,1,23,14,1,0,0,18,0,0
2,4,1,22,27,0,0,0,46,0,0
2,5,1,3,1,0,0,0,30,0,0
4,17,1,22,27,0,0,0,37,0,1
1,4,14,23,28,1,0,0,20,0,0
2,13,9,19,24,0,0,0,39,0,1
2,15,12,22,27,0,0,0,53,0,1
2,9,1,22,27,1,0,0,54,0,1
1,6,14,3,3,1,0,0,19,0,0
1,15,1,1,1,1,0,0,20,0,1
1,15,1,1,27,1,0,0,18,0,0
1,4,16,1,1,0,0,0,21,0,0
1,5,1,1,1,1,0,0,18,0,0
1,12,1,13,14,1,0,0,19,0,1
1,12,1,1,1,1,0,0,18,0,1
1,15,1,1,3,1,0,0,19,0,0
1,2,1,1,1,1,0,0,18,0,1
1,14,1,2,1,1,0,0,19,0,0
4,10,1,22,27,0,0,0,34,0,0
1,6,1,3,3,0,0,0,18,0,0
2,3,1,22,27,0,0,0,50,0,0
1,16,1,22,27,0,0,0,41,0,0
1,15,1,1,1,1,0,0,22,0,1
4,9,1,22,27,0,0,0,43,0,0
2,3,12,3,14,0,0,0,50,0,1
1,4,12,22,27,0,0,0,60,0,0
2,17,12,22,27,0,0,0,47,0,0
1,2,3,3,3,0,0,0,22,0,0
2,12,1,22,27,0,0,0,41,0,1
5,11,2,22,27,0,0,0,32,0,0
2,17,9,22,24,1,0,0,50,0,1
1,13,1,3,3,0,0,0,54,1,1
2,16,1,22,27,0,0,0,34,0,1
4,3,1,23,27,0,0,0,45,0,1
4,3,12,22,27,0,0,0,47,0,0
2,17,1,22,27,0,0,0,33,0,1
2,3,1,22,27,0,0,0,43,0,0
1,4,3,22,27,0,0,0,54,0,0
1,3,2,22,27,0,0,0,39,0,0
2,17,1,22,27,0,0,0,39,0,0
1,16,1,13,27,0,0,0,18,0,0
1,10,1,22,27,0,0,0,19,0,0
1,14,1,23,14,1,0,0,18,0,0
2,3,9,19,24,0,0,0,44,0,0
1,17,1,3,1,0,0,0,27,0,1
1,14,1,1,14,1,0,0,18,0,0
2,3,1,19,24,0,0,0,45,0,1
1,16,1,23,27,1,0,0,20,0,0
2,3,1,22,27,0,0,0,40,0,0
1,12,1,3,3,0,0,0,18,0,0
1,12,1,3,14,1,0,0,21,0,0
1,2,1,2,1,1,0,0,20,0,0
2,3,3,13,14,0,0,0,27,0,1
2,13,1,23,28,0,0,0,32,1,0
1,10,1,1,1,1,0,0,18,0,0
1,3,1,22,27,0,0,0,37,0,1
1,15,1,3,1,1,0,0,19,0,0
4,3,1,22,28,0,0,0,41,0,0
2,12,1,1,27,0,0,0,18,0,0
1,6,1,22,27,0,0,0,21,0,0
1,4,1,1,14,1,0,0,23,0,1
1,15,1,1,1,1,0,0,18,0,1
1,12,1,13,14,1,0,0,18,0,0
1,6,1,19,24,0,0,0,21,0,1
1,10,1,14,21,1,0,0,19,0,0
6,9,1,22,27,0,0,0,47,0,1
2,3,3,22,27,0,0,0,39,0,0
1,12,1,23,28,1,0,0,19,0,0
1,17,2,22,27,0,0,0,38,0,1
5,4,12,13,1,0,0,0,27,0,1
1,2,1,13,14,1,0,0,18,0,0
2,10,12,22,27,0,0,0,48,0,1
1,14,1,19,24,0,0,0,25,0,1
2,12,1,13,27,0,0,0,32,0,0
1,15,1,22,27,0,0,0,18,0,0
1,3,14,1,3,0,0,0,20,0,0
1,9,1,13,27,1,0,0,20,0,0
1,2,1,22,27,1,0,0,20,0,1
1,17,7,22,24,1,0,0,39,0,1
1,8,1,6,6,1,0,0,29,0,1
1,17,1,22,27,0,0,0,36,0,1
1,12,1,13,14,1,0,0,18,0,0
2,3,9,19,24,0,0,0,51,0,1
1,15,1,19,24,0,0,0,23,1,1
1,6,1,17,8,1,0,0,21,0,1
1,16,1,19,24,1,0,0,28,0,1
1,3,1,22,27,0,0,0,41,0,1
4,3,3,22,27,0,0,0,43,0,0
1,2,1,25,1,0,0,0,19,0,0
1,4,1,13,14,0,0,0,26,0,0
1,12,1,4,3,1,0,0,18,0,0
2,16,1,22,14,0,0,0,45,0,1
1,16,14,3,27,0,0,0,19,0,1
1,14,1,4,1,0,0,0,20,0,0
1,16,1,1,14,0,0,0,18,0,0
1,6,1,3,3,1,0,0,27,0,1
2,4,1,13,28,0,0,0,20,0,0
1,6,1,1,1,1,0,0,18,0,0
1,2,1,22,27,0,1,0,26,0,1
4,10,1,22,27,1,0,0,39,0,0
1,2,1,22,27,1,0,0,18,0,0
1,12,3,22,27,0,0,0,36,0,1
2,3,3,22,27,0,0,0,38,0,0
2,16,12,22,14,0,0,0,45,0,1
5,11,1,2,2,0,0,0,62,0,0
1,14,1,1,1,1,0,0,20,0,0
1,12,1,13,27,1,0,0,18,0,0
1,5,1,1,1,0,0,0,18,0,1
2,17,3,1,3,0,0,0,23,0,0
1,5,1,13,14,1,0,0,19,0,1
1,9,1,1,3,1,0,0,19,0,0
1,12,1,3,3,0,0,0,18,0,0
1,3,1,20,27,0,0,0,41,0,0
1,14,1,13,3,0,0,0,51,0,0
1,10,1,13,14,1,0,0,24,0,0
1,17,3,13,1,0,0,0,25,0,1
1,9,1,22,27,1,0,0,20,0,0
1,2,1,1,14,1,1,0,19,0,1
5,17,3,3,3,0,0,0,41,0,0
1,11,1,1,14,1,0,0,19,0,0
1,16,9,1,3,0,0,0,28,0,1
1,5,1,5,3,1,0,0,21,0,0
1,6,1,3,2,1,0,0,22,0,1
1,15,1,22,14,1,0,0,18,0,0
1,5,1,13,27,1,0,0,19,0,0
1,12,1,3,14,1,0,0,19,0,0
1,16,3,13,14,0,0,0,25,0,0
1,12,6,1,14,1,0,0,18,0,0
1,5,1,22,14,1,0,0,19,0,0
2,3,12,19,24,0,0,0,46,0,0
1,2,1,3,3,1,0,0,19,0,0
1,8,1,13,14,1,0,0,18,0,0
1,12,1,22,27,1,0,0,19,0,0
1,15,1,3,3,1,0,0,20,0,1
2,3,1,22,27,0,0,0,38,0,0
1,15,1,1,28,1,0,0,18,0,0
1,12,1,1,1,1,0,0,18,0,0
1,10,1,13,1,1,0,0,18,0,0
1,8,1,3,14,1,0,0,19,0,0
4,3,1,13,14,0,0,0,37,0,1
1,12,1,4,1,1,0,0,19,0,0
1,15,1,3,1,1,0,0,19,0,1
1,13,1,13,14,1,0,0,19,0,1
1,9,1,22,28,1,0,0,18,0,0
1,12,1,13,28,1,0,0,18,0,0
1,9,1,1,14,0,0,0,18,0,0
1,8,1,25,14,1,0,0,18,0,1
1,12,1,1,10,1,0,0,20,0,0
1,6,1,3,2,1,0,0,20,0,0
1,6,1,2,2,0,0,0,18,0,1
1,12,1,22,27,1,0,0,20,0,0
1,14,1,1,1,1,0,0,18,0,0
1,12,1,1,27,1,0,0,19,0,1
1,12,1,23,1,1,0,0,18,0,0
1,6,16,1,14,1,0,0,20,0,0
1,12,1,3,3,0,0,0,18,0,0
1,6,1,22,27,1,0,0,19,0,0
1,10,1,3,3,1,0,0,19,0,0
1,8,1,13,7,0,0,0,19,0,0
1,12,1,3,1,0,0,0,18,0,0
1,16,1,23,14,1,0,0,19,0,1
1,2,1,23,14,1,0,0,24,0,0
1,2,1,13,27,1,0,0,18,0,0
1,12,1,1,1,1,0,0,18,0,0
1,15,1,26,1,1,0,0,19,0,1
1,3,1,22,27,0,0,0,35,0,0
1,9,1,22,27,1,0,0,19,0,0
1,16,3,22,27,0,0,0,28,0,1
1,12,1,23,3,0,0,0,21,0,0
1,12,1,13,1,1,0,0,19,0,0
1,10,1,25,28,1,0,0,19,0,0
1,6,1,3,4,0,0,0,18,0,0
1,11,1,10,1,1,0,0,18,0,0
1,12,1,3,3,1,0,0,19,0,1
1,14,1,1,1,1,0,0,20,0,0
1,15,1,23,14,1,0,0,18,0,0
1,16,1,23,28,0,0,0,19,0,1
1,15,1,1,14,1,0,0,20,0,1
1,14,1,1,27,1,0,0,18,0,0
1,5,1,3,3,0,0,0,21,0,0
1,11,1,1,27,1,0,0,19,0,0
1,16,1,1,1,1,0,0,19,0,0
1,15,1,22,27,1,0,0,18,0,1
1,9,1,1,14,0,0,0,18,0,0
1,6,1,23,27,1,0,0,18,0,0
2,13,1,22,27,0,0,0,31,0,1
1,6,1,22,27,1,0,0,20,0,0
1,6,1,23,14,0,0,0,19,0,1
1,10,1,23,28,0,0,0,19,0,0
5,8,3,13,28,0,0,0,27,0,1
1,15,1,13,14,1,0,0,18,0,0
1,3,1,19,24,0,0,0,32,0,1
1,12,1,23,14,1,0,0,18,0,0
1,12,1,13,27,1,0,0,19,0,0
1,11,1,10,27,1,0,0,18,0,1
1,14,1,13,1,1,0,0,18,0,1
1,15,12,13,14,0,0,0,24,0,0
1,10,1,23,1,1,0,0,19,0,0
1,11,1,13,14,1,0,0,21,0,1
1,5,14,1,1,1,0,0,19,0,0
1,13,1,22,27,1,0,0,36,0,0
1,6,9,22,27,0,0,1,51,0,1
1,3,13,1,1,0,0,1,29,0,1
1,10,14,1,14,0,0,1,27,0,1
2,9,2,22,27,0,0,1,57,0,1
1,14,1,1,1,0,0,1,26,0,1
1,14,1,1,27,0,0,1,19,0,0
1,6,14,10,28,1,0,1,23,0,1
1,17,1,13,28,0,0,1,27,0,0
1,12,1,13,27,1,0,1,20,0,0
1,5,1,23,28,0,0,0,19,0,0
1,8,1,3,14,1,0,0,19,0,1
1,5,1,22,14,1,0,0,20,0,0
1,17,1,22,27,1,0,0,22,0,0
1,9,1,13,10,1,0,0,18,0,0
5,12,3,22,28,0,0,0,27,0,0
1,17,1,22,27,0,0,0,27,0,1
1,10,1,22,27,1,0,0,19,0,0
1,3,1,23,14,0,0,0,23,0,0
1,12,1,17,28,1,0,0,22,0,0
1,11,1,13,14,1,0,0,18,0,1
1,10,1,13,28,0,0,0,18,0,0
1,3,1,23,28,0,0,0,31,0,0
1,15,1,23,14,0,0,0,19,0,1
1,3,1,13,27,0,0,0,24,0,1
1,12,1,23,14,0,0,0,19,0,0
1,9,1,1,1,1,0,0,19,0,0
1,14,1,22,27,1,0,0,26,0,1
1,2,1,22,27,1,0,1,27,1,1
1,10,1,13,14,1,0,0,19,0,0
2,6,1,13,14,0,0,0,29,0,1
1,12,1,1,28,1,0,0,18,0,0
1,12,1,1,14,1,0,0,19,0,0
1,9,1,1,28,0,0,0,18,0,0
1,2,1,1,1,1,0,0,19,0,1
1,12,1,4,4,1,0,0,19,0,0
1,11,1,1,1,1,0,0,19,0,1
1,15,1,1,14,0,0,0,19,0,0
1,10,1,13,28,0,0,0,19,0,0
1,12,1,22,27,1,0,0,18,0,1
1,15,1,13,14,1,0,0,20,0,0
1,11,1,13,14,0,0,0,20,0,0
2,17,2,22,27,0,0,0,31,0,1
1,13,1,22,28,0,0,0,20,0,0
1,12,1,23,28,1,0,0,18,0,0
1,12,1,13,27,1,0,0,19,0,0
1,10,1,19,24,0,0,0,30,0,0
1,9,1,13,14,1,0,0,19,0,0
1,9,1,1,27,1,0,0,22,0,0
1,15,1,1,28,0,0,0,18,0,0
1,10,1,3,1,1,0,0,18,0,0
1,12,1,23,28,1,0,0,19,0,0
1,8,1,3,1,1,0,0,18,0,0
1,2,1,1,30,1,0,0,20,0,0
1,6,1,23,27,1,0,0,18,0,0
1,6,3,2,3,1,0,0,25,0,0
1,15,1,13,14,0,0,0,19,0,0
1,6,1,13,1,1,0,0,26,0,0
1,9,1,1,14,1,0,0,21,0,0
1,9,1,23,28,0,0,0,19,0,1
1,12,1,22,27,0,0,0,19,0,0
1,10,1,22,28,1,0,0,18,0,0
2,17,1,22,27,0,0,0,32,0,0
1,10,1,3,1,0,0,0,18,0,0
4,14,1,22,27,0,0,0,39,0,0
1,2,1,3,1,1,0,0,18,0,1
1,15,1,2,1,0,0,0,18,0,0
1,2,1,3,3,1,0,0,21,0,0
1,4,1,1,28,1,0,0,21,0,0
1,9,1,13,14,1,0,0,22,0,1
1,2,1,23,14,1,0,1,21,0,0
1,11,1,1,1,1,0,0,20,1,0
1,12,1,13,28,1,0,0,19,0,0
1,10,1,1,28,0,0,0,20,0,0
1,6,1,13,27,1,0,0,19,0,0
1,6,1,1,1,1,0,0,18,0,0
1,16,1,3,1,1,0,0,18,0,1
1,17,1,13,28,0,1,0,24,0,1
1,11,1,1,1,0,0,0,21,0,1
1,12,1,1,27,1,0,1,18,0,0
1,9,1,1,27,1,0,1,20,0,0
1,16,1,1,3,1,0,0,20,0,1
1,11,1,10,28,1,0,0,18,0,1
1,13,1,23,14,1,0,0,25,0,0
2,1,1,23,1,0,0,1,35,0,1
1,12,1,13,14,1,0,0,19,0,0
1,14,1,23,28,1,0,1,18,0,1
1,12,1,3,14,0,0,1,19,0,0
1,5,1,3,3,0,0,1,18,0,0
1,8,12,13,3,1,0,1,24,0,1
1,3,1,19,24,1,0,1,25,1,0
1,6,1,1,28,0,0,1,19,0,0
1,7,1,13,1,0,0,1,19,0,1
1,8,8,10,26,0,0,1,30,0,1
1,12,1,13,14,1,0,1,19,0,1
1,9,1,13,28,1,0,1,21,0,1
1,2,1,22,27,0,0,1,19,0,1
1,4,1,13,14,0,0,1,29,0,1
1,14,1,13,27,0,0,1,18,0,1
1,5,1,3,2,0,0,1,20,0,1
1,15,1,1,1,1,0,1,18,0,1
1,9,1,1,14,1,0,1,19,0,0
1,11,3,13,14,0,0,1,35,0,1
1,12,1,1,1,1,0,1,20,0,0
2,10,16,13,28,0,0,1,33,0,1
1,15,1,1,3,1,0,1,18,0,0
1,15,1,3,3,1,0,1,19,0,1
1,15,1,23,1,1,0,1,18,0,1
1,17,1,22,27,0,0,1,28,0,1
1,9,1,5,1,0,0,1,18,0,0
1,15,1,2,3,1,0,1,25,0,1
1,10,1,1,28,0,1,1,19,0,1
1,5,1,23,14,0,0,1,18,0,0
1,4,3,3,3,1,0,1,29,0,0
1,11,1,3,2,0,0,1,20,0,0
1,4,14,3,14,0,0,1,20,0,1
1,5,1,3,3,1,0,1,18,0,0
1,11,1,3,1,1,0,1,21,0,0
1,11,1,3,3,0,0,1,18,0,1
1,7,1,22,27,1,0,1,20,0,0
1,17,1,1,27,0,0,0,26,0,1
1,14,1,22,27,0,0,0,19,0,1
1,13,1,22,28,1,0,0,24,0,1
1,14,1,13,28,1,0,0,20,0,0
1,17,1,23,3,1,0,0,26,0,1
1,9,9,13,27,0,0,0,31,0,1
2,12,1,22,27,1,0,0,27,0,0
1,6,1,13,28,0,0,0,24,0,0
1,12,1,23,28,1,0,0,20,0,0
1,12,1,23,28,1,0,0,20,0,0
1,12,1,23,1,1,0,0,24,0,0
1,15,1,13,28,1,0,0,18,0,0
1,6,1,22,28,0,0,0,20,0,1
1,12,1,1,1,1,0,0,18,0,0
1,12,1,22,27,1,0,0,19,0,0
1,6,1,1,14,1,0,0,18,0,0
1,12,1,1,1,1,0,0,18,0,0
1,10,1,3,1,0,0,0,18,0,0
2,10,9,22,27,0,0,0,34,0,0
1,3,12,22,27,0,0,0,38,0,1
1,12,1,22,14,1,0,0,19,0,0
1,16,1,23,28,1,0,0,19,0,1
1,15,1,1,1,0,0,0,21,0,1
1,15,1,2,3,1,0,0,18,0,0
1,6,1,1,28,1,0,0,20,0,0
1,9,1,22,28,0,0,0,18,0,0
1,5,1,23,27,1,0,0,18,0,0
1,13,2,22,27,1,0,0,36,0,1
1,9,1,23,27,1,0,0,18,0,0
1,8,6,1,20,1,0,0,21,0,1
1,8,14,1,3,1,0,0,21,0,1
1,6,1,3,3,0,0,0,18,1,0
1,14,1,1,12,1,0,0,18,0,0
1,12,1,23,28,1,0,0,19,0,0
2,4,12,22,14,0,0,0,29,0,0
1,9,14,13,1,0,0,0,20,0,0
1,12,1,22,27,1,0,0,18,0,0
1,6,1,2,1,1,0,0,19,0,0
1,9,1,1,28,1,0,0,19,0,0
1,3,1,10,5,0,0,0,37,0,1
1,6,1,22,1,1,0,0,18,0,0
1,16,1,13,14,1,0,0,21,0,1
1,10,1,1,28,0,0,0,19,0,0
1,14,1,3,1,0,0,0,19,0,0
2,12,1,22,28,0,0,0,30,0,1
1,15,1,19,24,1,0,0,27,0,1
2,11,1,22,27,0,0,0,45,0,1
2,3,1,23,28,0,0,0,50,0,0
4,9,1,22,27,0,0,0,41,0,0
1,4,12,22,27,0,0,0,44,0,1
5,9,15,22,27,0,0,0,23,0,0
1,1,1,13,14,0,0,0,34,0,1
1,9,1,23,28,1,0,0,21,0,0
1,9,1,3,27,1,0,0,22,1,1
4,3,1,22,27,0,0,0,32,0,0
1,13,1,1,1,1,0,0,20,1,0
2,3,3,20,25,0,0,0,59,0,1
1,11,1,23,26,1,0,0,18,0,0
4,17,1,22,27,0,0,1,36,0,0
1,13,17,23,14,0,0,1,36,0,1
1,14,1,23,14,0,0,1,19,0,1
1,17,1,1,27,0,0,1,25,0,0
1,4,12,22,27,0,0,1,35,0,0
1,10,1,1,1,0,0,1,20,0,1
1,4,1,22,27,1,0,1,35,0,1
1,10,1,22,27,1,0,0,27,0,1
1,3,1,13,1,1,0,0,19,0,0
1,12,1,13,14,0,0,0,26,0,1
1,10,1,1,28,0,0,0,19,0,0
1,12,1,23,14,1,0,0,19,0,1
1,2,1,13,14,1,0,0,18,0,1
1,12,1,13,1,1,0,0,19,0,0
1,12,1,22,27,1,0,0,19,0,0
1,6,1,23,27,1,0,0,19,0,0
1,3,14,1,27,0,0,0,21,0,0
1,15,1,1,1,1,0,0,18,0,0
2,11,3,23,27,1,0,0,33,0,0
1,3,3,13,27,0,0,0,32,0,0
1,12,1,13,14,1,0,0,17,0,0
2,12,1,13,14,0,0,0,31,0,1
2,3,1,13,14,0,0,0,32,0,0
1,6,1,25,30,1,0,0,18,0,1
1,17,1,3,14,0,0,1,40,0,1
2,17,1,22,14,1,0,1,32,0,0
1,7,3,13,14,0,0,1,40,0,1
1,2,1,1,1,0,0,1,18,0,0
1,17,1,22,27,0,0,1,28,0,1
1,5,1,1,1,1,0,1,19,0,0
1,15,1,1,27,0,0,1,19,0,0
1,9,1,23,27,0,1,1,21,0,1
1,9,1,13,1,1,0,1,22,0,1
1,7,1,3,1,1,0,1,18,0,1
1,2,1,10,3,1,0,1,27,0,1
2,17,1,22,27,1,0,1,30,0,0
1,8,14,1,3,0,0,1,28,0,1
1,10,1,1,14,0,0,1,20,0,0
1,11,1,10,14,0,0,1,31,0,1
1,7,1,1,1,0,0,1,21,0,1
1,14,12,19,24,1,0,1,27,0,1
1,15,1,23,28,1,0,1,19,0,0
1,4,14,13,14,1,0,1,21,0,1
1,14,1,19,24,0,0,1,35,0,1
1,6,1,22,26,0,0,1,28,0,1
1,15,1,19,1,1,0,1,19,0,1
1,5,1,3,14,1,0,1,20,0,0
1,6,1,25,1,0,0,1,37,0,1
1,11,1,22,28,1,0,1,19,0,1
1,12,1,22,27,0,0,1,36,0,1
1,9,9,22,27,0,0,1,29,0,1
1,4,1,23,27,0,0,1,30,0,0
1,14,12,2,1,0,0,1,32,0,1
2,4,14,22,27,0,0,1,37,0,1
1,7,1,1,10,0,0,1,27,0,1
1,15,1,23,1,1,0,1,18,0,0
1,12,1,23,27,0,0,1,18,0,0
2,4,12,23,14,0,0,1,32,0,1
1,4,1,3,3,0,0,1,22,0,1
4,12,1,1,14,0,0,0,32,0,1
1,14,1,1,1,0,0,0,19,0,1
1,15,1,13,1,1,0,0,18,0,0
1,9,1,1,1,1,0,0,18,0,0
1,9,2,3,27,1,0,0,38,0,1
1,16,1,19,24,1,0,0,21,0,1
1,10,1,19,27,0,0,0,21,0,1
1,12,1,13,28,1,0,0,19,0,0
1,11,1,1,1,0,0,0,18,0,1
1,9,3,22,27,0,0,0,25,0,1
1,12,1,22,1,1,0,0,19,0,0
1,11,1,1,14,1,0,0,18,0,0
1,9,1,22,27,0,0,0,19,0,0
1,10,1,13,28,1,0,0,22,0,0
1,4,14,23,28,1,0,0,21,0,0
1,6,1,13,27,1,0,0,21,0,0
1,16,1,23,28,0,0,0,20,0,0
1,12,1,13,14,1,0,0,18,0,0
1,12,1,13,14,0,0,0,26,0,1
1,9,2,19,24,1,0,0,31,0,1
1,10,1,22,28,1,0,0,18,0,0
4,9,3,13,1,0,0,0,35,0,1
1,10,1,13,28,0,0,0,19,0,0
1,12,1,3,1,0,0,0,18,0,0
1,6,1,23,28,0,0,0,20,0,0
1,2,1,1,1,1,0,0,19,0,0
1,16,1,23,28,0,0,0,18,0,0
1,12,1,13,14,0,0,0,23,0,0
1,5,1,1,1,0,0,0,21,0,0
1,9,1,22,28,0,0,0,19,0,0
1,6,16,13,27,1,0,0,20,0,0
1,12,1,22,27,1,0,0,18,0,0
2,12,1,1,14,0,0,0,19,0,0
1,5,1,23,14,0,0,0,21,0,0
1,10,1,23,28,1,1,0,18,0,0
1,15,1,13,28,0,0,0,18,0,0
1,12,1,13,14,1,0,0,18,0,0
1,2,1,3,3,1,0,0,18,0,0
1,12,1,1,14,1,0,0,18,0,0
1,12,1,1,1,0,0,0,18,0,1
1,15,1,13,28,1,0,0,20,0,0
1,12,1,23,27,1,0,0,19,0,0
1,12,1,1,14,1,0,0,18,0,1
1,12,1,1,14,1,0,0,18,0,0
1,11,1,23,14,0,0,0,21,0,1
1,16,1,23,27,1,0,0,19,0,0
1,10,1,13,28,1,0,0,20,0,0
1,12,1,1,1,0,0,0,21,0,0
1,6,14,22,28,1,0,0,23,0,1
1,10,1,1,28,0,0,0,18,0,1
2,17,3,3,1,0,0,0,30,0,1
1,6,1,7,14,1,0,0,20,0,1
2,9,1,22,27,0,0,0,29,0,1
1,10,1,13,1,1,0,0,20,0,0
1,3,1,22,27,0,0,0,27,0,1
2,9,3,22,27,0,0,0,23,0,1
1,5,1,13,14,0,0,0,23,0,0
1,12,1,1,1,1,0,0,18,0,0
1,15,1,23,28,1,0,0,19,0,0
1,12,1,13,27,1,0,0,19,0,1
1,15,1,1,28,1,0,0,18,0,1
1,5,1,1,1,1,0,0,19,0,0
1,15,1,1,28,0,0,0,18,0,0
1,13,12,22,27,0,0,0,24,0,0
1,13,1,22,28,1,0,0,19,0,1
1,11,1,22,14,1,0,0,20,0,0
1,15,1,1,14,0,0,0,18,0,0
1,5,1,1,14,1,0,0,18,0,1
1,12,1,13,1,1,0,0,19,0,0
1,6,1,3,3,1,0,0,19,0,1
1,2,1,1,14,1,0,0,18,0,0
1,15,1,13,27,1,0,0,19,0,0
1,12,1,3,3,1,0,0,18,0,0
1,12,1,1,1,0,0,0,20,0,0
1,12,1,22,28,1,0,0,19,0,0
1,9,1,22,27,0,0,0,22,0,1
1,10,1,13,1,1,0,0,19,0,0
1,10,3,22,27,1,0,0,36,0,0
1,4,14,22,28,0,0,0,19,0,0
1,10,1,4,3,0,0,0,18,0,0
4,17,9,22,27,0,0,0,40,0,1
1,12,1,23,27,1,0,0,19,0,0
1,6,3,22,27,0,0,0,32,0,1
1,5,1,3,1,1,0,0,19,0,0
2,9,1,22,27,0,0,0,35,0,1
1,16,1,13,14,0,0,0,29,0,0
1,12,1,23,14,1,0,0,18,0,0
2,3,12,23,14,0,0,0,25,0,0
4,3,12,22,27,0,0,0,50,0,1
2,9,1,19,24,0,0,0,24,0,1
1,7,1,23,14,0,0,0,18,0,1
1,6,1,23,28,1,0,0,20,0,0
1,4,1,1,27,1,0,0,20,0,0
1,17,1,22,27,0,0,0,21,0,1
1,11,1,23,27,0,0,1,19,0,0
1,12,1,22,27,0,0,1,18,0,0
1,2,1,22,27,0,0,1,22,0,0
1,4,14,22,27,0,0,1,25,0,1
2,12,1,22,27,0,0,1,37,0,1
1,12,1,22,27,0,0,1,38,0,1
2,14,1,13,28,0,0,1,36,0,1
1,12,1,13,1,1,0,1,18,0,0
1,14,1,1,1,0,0,1,19,0,1
1,8,1,1,1,0,0,1,24,0,1
1,10,1,1,1,0,0,1,20,0,0
1,2,1,22,27,1,0,1,21,0,1
2,17,1,22,27,1,0,1,32,0,1
2,17,12,23,28,0,0,1,39,0,1
1,7,3,22,27,0,0,1,33,0,1
1,14,1,22,28,0,0,1,20,0,0
1,4,1,23,14,0,0,1,19,0,0
2,17,1,22,27,0,0,1,43,0,1
2,17,1,22,27,0,0,1,49,0,1
1,15,1,23,28,1,0,1,18,0,0
1,9,1,1,14,1,0,1,19,0,1
1,5,1,22,27,0,0,1,45,0,1
1,14,1,22,10,1,0,1,19,0,0
1,4,14,1,3,0,0,1,21,0,0
1,14,1,1,1,0,0,1,18,0,0
1,9,1,22,27,0,0,1,18,0,1
1,11,1,22,27,0,0,1,29,0,1
1,14,1,1,1,0,0,1,19,0,0
1,5,14,1,1,0,0,1,22,0,0
1,12,1,1,1,1,0,1,18,0,1
1,2,1,13,14,1,0,1,20,0,1
4,14,12,22,27,0,0,1,29,0,1
1,14,1,9,9,1,0,1,29,0,1
1,2,1,3,10,1,0,1,19,0,1
1,7,1,23,28,1,0,1,18,0,1
2,11,1,2,2,1,0,1,22,0,1
1,17,1,22,27,1,0,1,34,0,1
1,17,4,3,3,0,0,1,26,0,0
1,2,1,22,27,1,0,1,24,0,1
1,14,1,1,1,1,0,1,17,0,0
1,4,14,13,28,1,0,1,19,0,0
2,4,1,1,3,0,0,1,49,0,1
1,12,1,2,4,0,0,1,23,0,1
1,7,1,1,14,1,0,1,18,0,1
1,14,1,3,1,1,0,1,19,0,0
1,9,1,1,28,1,0,1,18,0,0
2,11,12,19,24,0,0,1,45,0,1
1,17,1,19,24,1,0,1,30,0,1
1,17,14,1,4,0,0,1,28,0,1
1,17,1,22,27,0,0,1,40,0,1
1,9,12,23,14,0,0,1,32,0,1
1,11,1,13,27,1,0,1,19,0,1
1,5,1,1,14,1,0,1,20,0,0
1,7,1,1,3,0,0,1,18,0,1
1,14,1,23,27,0,0,1,20,0,1
1,12,1,13,27,1,0,1,18,0,0
1,12,1,13,28,1,0,1,18,0,0
2,8,7,19,24,0,0,1,28,0,1
1,14,1,22,27,1,0,1,31,0,1
1,12,1,2,14,0,0,1,23,0,0
1,10,12,22,27,0,0,1,33,0,1
1,9,1,22,27,0,0,1,22,0,1
1,7,14,13,27,1,0,1,20,0,1
1,6,14,23,28,1,0,1,20,0,0
1,4,1,1,1,0,0,1,25,0,1
1,14,1,2,1,1,0,1,20,0,0
1,15,1,1,27,1,0,1,19,0,0
1,8,12,19,24,0,0,1,31,0,1
1,7,14,3,28,0,0,1,24,0,1
1,7,14,13,3,0,0,1,23,0,1
2,17,1,1,3,0,0,1,26,0,1
2,5,2,22,27,1,0,1,38,0,0
1,7,1,13,14,1,0,1,20,0,0
1,7,1,1,14,1,0,1,20,0,0
1,6,12,3,1,0,0,1,25,0,1
1,5,1,1,14,1,0,1,19,0,0
1,7,1,1,28,0,0,1,18,0,0
1,17,9,10,10,0,0,1,28,0,1
1,11,1,1,28,1,0,1,20,0,0
1,8,1,4,3,0,0,1,18,0,0
1,9,1,1,1,1,0,1,19,0,0
1,12,1,13,14,0,0,1,24,0,1
1,6,1,1,3,1,0,1,21,0,1
1,14,1,3,27,0,0,1,20,0,0
1,4,14,13,1,1,0,1,21,0,0
2,13,1,13,14,0,0,1,24,0,0
1,17,1,23,27,0,0,1,27,0,1
1,3,1,3,14,0,0,1,39,0,0
1,1,1,13,27,0,0,1,25,0,1
1,2,3,1,2,0,0,1,18,0,1
1,5,1,1,2,0,0,1,19,0,0
1,15,1,23,27,0,0,1,21,0,0
1,17,15,1,3,0,0,1,27,0,1
1,14,3,16,27,1,0,1,27,0,1
1,15,1,13,28,1,0,1,18,0,1
1,4,14,13,28,0,0,1,19,0,1
1,10,1,13,28,1,0,0,18,0,0
1,15,1,22,27,1,0,0,18,0,0
1,9,1,4,14,0,0,0,23,0,1
1,2,1,1,4,1,0,1,20,0,1
1,15,1,2,1,1,0,1,18,0,0
1,15,1,13,14,1,0,1,18,0,0
1,15,1,13,1,1,0,1,20,0,0
1,15,1,3,1,1,0,1,20,0,0
1,5,14,1,1,0,0,1,21,0,1
1,7,1,13,1,1,0,1,20,0,1
1,14,1,1,1,1,0,1,20,0,0
1,6,14,13,27,1,0,1,19,0,1
1,7,1,1,10,1,0,1,19,0,1
1,14,1,13,1,0,0,1,18,0,1
1,10,1,13,28,1,0,0,18,0,1
1,15,1,1,1,1,0,0,18,0,0
1,10,1,13,27,1,0,0,21,0,0
1,6,1,22,27,0,0,0,18,1,1
1,12,1,1,14,1,0,0,18,0,0
1,10,1,13,27,1,0,0,18,0,0
1,3,1,3,14,1,0,0,23,0,1
1,9,1,3,14,1,0,0,21,0,0
1,3,1,19,24,1,0,0,26,0,1
1,2,1,3,27,1,0,0,18,0,1
1,14,1,13,14,0,0,0,19,0,0
1,12,1,13,1,1,0,0,20,0,0
1,15,1,23,14,1,0,0,19,0,1
1,11,1,22,27,0,0,0,33,0,0
1,6,1,3,28,0,0,0,18,0,0
1,12,6,22,1,0,0,0,21,0,0
1,15,1,3,14,1,0,0,19,0,0
2,12,1,23,28,1,0,0,18,0,0
1,14,1,1,14,0,0,0,18,0,0
1,15,1,13,28,1,0,0,20,0,0
1,11,1,22,27,1,0,0,20,0,1
1,3,1,13,1,0,0,0,20,0,0
1,6,1,1,27,1,0,0,19,0,0
1,10,1,23,27,1,0,0,19,0,0
1,10,1,26,1,1,0,0,21,0,0
1,10,1,22,27,0,0,0,21,0,1
1,12,1,13,28,1,0,0,18,0,0
5,16,12,22,27,0,0,0,27,0,1
1,5,1,1,28,1,0,0,20,0,0
1,13,1,23,27,1,0,0,18,0,0
1,15,1,1,14,1,0,0,18,0,0
1,10,14,1,1,0,0,0,20,0,0
1,6,1,1,14,1,0,0,19,0,0
1,12,1,22,3,1,0,0,20,0,0
1,17,1,13,27,0,0,0,20,0,0
1,10,1,13,1,1,0,0,19,0,1
1,15,1,3,3,0,0,0,18,0,0
1,6,1,23,28,1,0,0,18,0,0
1,12,1,23,27,1,0,0,19,0,0
1,12,1,10,27,1,0,0,19,0,1
2,5,1,22,17,0,0,1,47,0,1
1,9,1,19,24,1,0,1,23,0,1
1,10,1,13,14,1,0,0,19,1,0
1,12,1,3,3,1,0,0,20,0,0
1,2,1,1,3,1,0,0,19,0,0
1,6,1,22,27,1,0,0,19,1,0
1,6,14,13,27,1,0,0,19,0,0
1,3,12,13,14,0,0,0,39,0,0
1,5,1,1,1,1,0,0,20,0,0
1,5,1,23,14,1,0,0,21,0,0
1,10,1,22,14,1,0,0,22,1,0
1,15,1,13,28,1,0,0,19,0,1
1,14,1,1,14,1,0,0,22,0,0
1,16,1,13,14,1,0,0,19,0,0
1,2,1,22,28,1,0,1,18,0,1
1,17,1,22,27,0,0,1,36,0,1
1,2,1,13,2,1,0,1,20,0,0
2,9,1,22,27,0,0,1,30,0,1
1,4,1,1,1,0,0,1,24,0,1
1,9,1,19,24,0,0,1,26,0,1
1,9,1,13,28,0,0,1,19,0,1
5,10,1,13,28,0,0,1,34,0,0
1,9,1,13,1,1,0,1,19,0,0
1,7,1,13,1,1,0,1,26,0,1
1,14,1,23,27,0,0,1,29,0,1
1,7,1,13,27,1,0,1,19,0,1
1,2,1,1,1,1,0,1,18,0,1
1,17,12,13,27,0,0,1,29,0,1
1,11,1,22,27,0,0,1,21,0,0
1,12,1,23,28,0,0,1,20,0,0
1,6,1,3,1,0,0,1,18,0,1
1,9,1,1,1,1,0,1,20,0,1
1,7,1,22,27,0,0,1,30,0,1
1,14,1,22,28,1,0,1,19,0,0
1,9,1,1,14,1,0,1,30,0,1
1,9,1,23,1,1,0,1,22,0,0
1,2,1,22,27,1,0,1,22,0,0
1,5,1,1,1,1,0,1,19,0,1
1,14,1,1,14,1,0,1,21,0,1
1,6,1,23,28,0,0,1,21,0,0
1,2,14,13,28,1,0,1,21,0,1
1,9,1,1,14,0,0,1,27,0,1
1,1,1,22,27,1,0,1,32,0,1
1,14,9,22,1,0,0,1,40,0,1
1,8,14,4,4,1,0,1,20,0,1
1,2,1,22,27,1,0,1,18,0,0
1,9,1,1,28,0,0,1,21,0,1
1,14,1,13,27,0,0,1,18,0,1
5,5,3,22,27,0,0,1,30,0,1
1,4,9,13,1,0,0,1,29,0,1
1,7,1,1,1,1,0,1,18,0,1
1,14,1,1,1,1,0,1,18,0,1
1,4,14,1,1,0,0,1,22,0,1
1,17,1,22,27,1,0,1,27,0,1
1,14,1,23,1,1,0,1,20,0,0
1,3,2,13,28,0,0,1,42,0,0
1,4,1,23,28,0,0,1,21,0,0
1,12,1,1,28,0,1,1,23,0,0
1,5,1,23,28,1,0,1,21,0,1
1,2,1,4,3,1,0,1,19,0,0
2,10,1,22,27,0,0,1,40,0,1
1,9,1,13,1,0,0,1,22,0,1
1,12,1,23,27,1,0,1,19,0,0
1,7,1,3,1,1,0,1,18,0,0
1,7,1,22,27,0,0,1,18,0,1
1,14,1,3,1,0,0,1,24,0,1
1,14,1,13,28,1,0,0,19,0,0
1,16,1,10,1,1,0,0,18,0,1
1,2,1,3,1,1,0,0,19,0,0
1,12,1,1,1,1,0,0,19,0,0
1,8,1,24,3,1,0,0,21,0,0
1,12,1,1,14,1,0,0,18,0,1
1,5,1,3,14,1,0,0,19,0,0
1,12,1,23,28,1,0,0,19,0,0
1,5,1,3,1,1,0,0,20,0,0
1,15,1,1,1,1,0,0,18,0,0
1,12,6,22,27,1,0,0,20,0,0
1,6,12,13,27,0,0,0,26,0,1
1,12,1,3,1,1,0,0,18,0,1
1,3,1,22,27,0,0,0,58,0,0
1,12,1,1,3,0,0,0,18,0,0
1,17,1,23,27,0,0,0,20,0,1
1,9,1,22,27,1,0,0,29,0,0
1,10,3,1,1,0,0,0,27,0,1
1,6,1,13,28,1,0,0,21,0,0
1,10,1,1,14,0,0,0,20,0,0
1,10,1,13,28,0,0,0,19,0,0
1,12,1,22,28,1,0,0,22,0,0
1,5,1,23,27,1,0,0,19,0,0
1,15,1,22,1,1,0,0,19,0,1
1,15,1,1,1,1,0,0,18,0,1
1,8,14,1,14,0,0,0,19,0,1
1,4,14,1,1,1,0,0,20,0,0
1,10,1,1,28,1,0,0,19,0,0
1,6,12,22,27,1,0,0,26,0,1
1,10,1,1,14,1,0,0,18,0,0
1,6,1,22,27,1,0,0,29,0,1
1,4,14,3,1,1,0,0,20,0,0
1,5,1,13,2,1,0,0,19,0,0
1,12,1,3,3,1,0,0,18,0,0
1,5,1,1,28,1,0,0,19,0,0
1,16,1,1,14,1,0,0,18,0,0
1,3,15,22,14,0,0,0,36,0,1
1,2,1,1,1,1,0,1,20,1,1
1,10,1,23,28,1,0,1,18,0,1
1,10,1,1,34,1,0,1,20,0,1
1,12,1,13,14,1,0,1,18,0,0
1,8,14,3,1,1,0,1,20,0,1
1,7,1,13,1,1,0,1,24,0,1
1,15,1,13,28,1,0,1,19,0,1
1,7,1,13,14,1,0,1,18,0,1
1,7,1,4,28,1,0,1,18,0,0
1,11,1,1,14,0,0,1,18,0,0
1,14,1,3,14,1,0,1,22,0,1
1,14,1,13,28,0,0,1,19,0,0
2,6,9,1,29,1,0,0,32,0,1
1,16,1,19,14,1,0,0,21,0,1
1,12,1,22,27,1,0,0,19,0,0
4,3,1,23,27,0,0,0,39,0,0
1,3,8,19,24,1,0,0,30,0,0
1,9,1,1,14,1,0,0,18,0,1
2,17,1,22,27,1,0,0,38,0,1
1,5,1,19,27,1,0,0,20,0,0
1,3,12,19,24,0,0,0,55,0,0
4,5,2,19,24,0,0,0,53,0,1
2,3,1,19,24,0,0,0,54,0,1
1,3,1,22,27,0,0,0,44,0,1
1,10,1,22,27,1,0,0,28,0,0
1,3,17,13,14,0,0,0,37,0,0
1,10,1,11,12,1,0,0,20,0,0
1,10,1,13,14,1,0,1,19,0,1
1,4,1,23,27,1,0,1,23,0,0
1,10,1,13,27,0,0,1,22,0,1
1,11,1,3,14,0,0,1,24,0,1
1,4,1,1,28,0,0,1,26,0,1
1,15,1,22,27,1,0,1,18,0,0
1,8,14,23,14,0,0,1,24,0,1
1,2,1,1,28,1,0,1,26,0,1
1,11,12,22,27,0,0,1,27,0,1
1,4,14,22,27,1,0,1,20,0,0
1,7,1,10,1,1,0,1,19,0,1
1,6,1,23,28,0,0,1,18,0,1
1,12,1,1,1,1,0,1,18,0,0
1,10,1,23,14,1,0,1,19,0,1
1,15,1,1,14,0,0,1,19,0,0
2,4,1,2,2,0,0,1,30,0,1
1,15,1,1,3,0,0,1,22,0,1
1,9,1,3,28,0,0,1,19,0,1
1,9,1,23,1,0,0,1,21,0,1
1,2,1,22,27,1,0,1,22,0,1
1,4,12,3,1,1,0,1,35,0,1
1,9,1,22,27,1,0,1,20,0,1
1,8,1,6,9,0,0,1,21,0,0
1,6,9,19,24,0,0,1,27,0,1
1,15,1,22,28,1,0,1,26,0,1
1,15,1,1,23,0,0,1,20,0,1
1,4,1,22,27,0,0,1,28,0,1
1,15,1,13,28,1,0,1,19,0,0
1,17,1,22,14,0,0,1,47,0,1
4,15,9,22,27,0,0,1,55,0,1
1,4,1,22,27,1,0,1,39,0,1
2,4,1,22,27,1,0,1,35,0,1
1,10,1,22,20,0,0,1,32,0,1
1,15,1,3,10,1,0,1,20,0,0
1,11,1,22,27,0,0,1,36,0,0
1,17,12,23,14,0,0,1,34,0,0
1,14,1,23,14,1,0,1,21,0,1
1,17,1,22,14,0,0,1,42,0,1
1,4,12,22,14,0,0,1,25,0,1
1,15,1,23,28,1,0,1,18,0,1
1,15,1,13,28,0,0,1,18,0,0
1,10,1,23,14,1,0,1,19,0,0
1,6,1,3,14,0,0,1,34,0,1
1,15,1,1,1,0,0,1,20,0,1
1,12,1,22,27,0,0,1,20,0,1
1,12,1,13,14,0,0,1,21,0,0
1,4,14,1,14,1,0,1,19,0,0
1,6,1,1,1,0,0,1,31,0,1
1,14,1,1,27,0,0,1,21,0,0
1,9,1,23,28,0,0,1,20,0,0
1,12,6,1,14,0,0,1,22,0,0
1,5,1,13,14,1,1,1,19,0,1
1,8,1,1,1,1,0,1,41,0,1
1,12,12,19,24,1,0,1,27,0,1
1,12,1,1,1,0,0,0,19,0,1
1,12,1,1,1,1,0,0,20,1,0
1,12,6,23,27,1,0,0,19,0,0
2,17,1,22,27,0,0,0,35,0,0
1,15,1,13,10,1,0,0,22,0,0
1,11,1,1,14,1,0,0,20,0,0
1,14,1,22,28,1,0,0,18,0,1
1,10,1,22,27,1,0,0,18,0,0
1,12,3,1,27,0,0,0,30,0,0
1,10,1,23,28,0,0,0,18,0,0
1,6,1,23,28,0,0,0,19,0,0
1,13,1,1,28,1,0,0,21,0,0
1,9,1,1,1,1,0,0,18,0,0
4,6,1,22,27,0,0,0,35,0,1
1,12,1,23,27,1,0,1,18,0,0
1,12,1,23,1,1,0,1,20,0,0
2,11,1,22,27,1,0,0,34,0,0
1,12,1,22,28,1,0,0,22,0,0
2,9,1,23,27,1,0,0,39,0,1
1,12,1,23,27,1,0,0,19,0,1
4,11,1,22,27,0,0,0,36,0,0
1,12,1,22,27,1,0,0,21,0,0
2,10,1,23,28,0,0,0,42,0,0
1,7,1,22,27,1,0,0,34,0,1
2,3,14,22,14,0,0,0,33,0,0
1,11,1,1,14,1,0,0,20,0,0
1,14,1,15,21,1,0,0,19,0,0
2,17,3,22,14,0,0,0,34,0,1
1,9,1,22,27,1,0,0,18,0,0
1,3,1,23,27,0,0,0,24,0,0
1,16,1,13,10,1,0,0,18,0,0
1,12,1,1,1,1,0,0,21,0,0
1,10,1,23,1,1,0,0,19,0,0
1,12,1,23,14,0,0,0,19,0,0
1,10,1,13,14,1,0,0,18,0,0
4,3,1,22,27,0,0,0,38,0,0
1,12,1,13,1,1,0,0,19,0,0
1,15,1,23,27,1,0,0,18,0,1
1,2,1,13,27,1,0,0,18,0,0
1,15,1,1,1,0,0,0,18,1,0
1,8,1,3,1,1,0,0,18,0,0
1,17,15,13,14,0,0,0,26,0,0
1,14,1,23,28,1,0,0,19,0,1
1,8,1,22,27,1,0,0,20,0,1
1,12,1,13,1,1,0,0,19,0,0
1,12,1,3,1,1,0,0,20,0,0
1,16,12,13,4,1,0,0,29,0,1
1,10,1,3,3,1,0,0,19,0,0
5,9,1,1,1,0,0,0,24,0,1
5,4,1,1,1,0,0,0,27,0,1
1,15,1,22,27,1,0,0,18,0,0
1,2,1,3,1,1,0,0,18,0,0
1,13,1,23,27,1,0,0,21,0,1
2,14,1,22,14,0,0,0,43,0,0
1,9,1,1,14,0,0,0,18,0,0
1,6,1,22,27,1,0,0,21,0,1
1,9,3,6,19,0,0,0,26,0,1
1,12,1,1,14,1,0,0,19,0,0
1,6,1,22,9,0,0,0,18,0,0
1,15,1,3,2,1,0,0,22,0,1
1,12,12,1,14,1,0,0,27,0,1
1,9,1,23,14,1,0,0,18,0,0
1,6,1,22,28,0,0,0,19,0,0
1,12,1,13,14,1,0,0,18,0,0
1,6,1,23,27,0,0,0,19,0,0
1,6,1,22,27,0,0,0,32,0,1
1,12,1,22,1,1,0,0,23,0,0
1,12,1,22,27,1,0,0,20,0,0
1,2,1,13,28,1,0,0,20,0,0
1,10,1,13,14,1,0,0,19,0,1
1,12,1,13,14,1,0,0,18,0,0
1,4,14,13,14,0,0,0,21,0,1
1,6,14,3,14,1,0,0,22,0,0
1,17,14,22,27,0,0,0,26,0,0
1,5,1,22,27,1,0,0,20,0,0
1,12,1,13,28,1,0,0,19,0,0
1,17,1,22,27,0,0,0,31,0,0
1,12,1,1,14,1,0,0,20,0,0
1,6,1,13,28,1,0,0,20,0,0
1,12,1,22,27,1,0,0,21,0,0
1,12,1,13,14,1,0,0,18,0,0
1,12,1,22,1,1,0,0,19,0,0
1,16,1,13,14,1,0,0,18,0,0
1,10,1,1,28,0,0,0,18,0,0
1,6,1,25,4,1,0,0,18,0,0
1,12,1,1,14,1,0,0,19,0,0
1,10,1,23,28,0,0,0,19,0,0
1,4,1,23,28,0,0,0,28,0,1
1,5,1,22,28,1,0,0,20,0,0
1,15,1,22,27,1,0,0,18,0,0
1,12,1,1,1,1,0,0,18,0,0
1,6,1,13,27,1,0,0,20,0,0
1,10,1,23,14,0,0,0,28,0,0
1,16,1,28,1,0,0,0,23,1,0
1,16,1,13,27,1,0,0,19,0,1
1,10,1,23,14,1,0,0,18,0,0
1,15,1,22,27,0,0,0,20,1,0
1,2,1,3,1,1,0,0,20,0,0
2,17,1,22,27,0,0,0,27,0,1
1,16,1,1,1,1,0,0,18,0,1
4,13,12,13,14,0,0,0,37,0,0
4,12,15,13,14,0,0,0,42,0,1
1,12,1,1,28,1,0,0,20,0,1
2,7,1,19,24,0,0,1,34,0,1
1,7,1,3,3,1,0,1,22,0,1
2,11,12,13,14,0,0,1,39,0,0
1,12,1,22,27,1,0,1,18,0,0
1,5,1,22,27,1,0,1,21,0,0
2,6,1,22,27,0,0,1,34,0,1
1,4,14,22,27,0,0,1,22,0,0
1,4,1,1,27,0,0,1,31,0,1
1,16,1,23,27,1,0,1,19,0,1
1,11,1,23,1,0,0,1,19,0,1
1,13,12,22,27,0,0,1,31,0,1
2,14,1,22,14,0,0,0,30,1,1
1,12,1,22,28,1,0,0,20,0,0
1,12,1,13,28,1,0,0,18,0,0
4,17,1,22,27,0,0,0,31,0,1
1,11,1,13,1,1,0,0,19,0,1
4,3,1,22,27,0,0,0,43,0,1
1,11,1,23,28,1,0,0,20,0,0
1,12,1,1,1,1,0,0,19,0,0
1,14,1,3,1,0,0,0,22,0,1
1,3,1,3,1,0,0,0,26,0,0
1,9,1,13,14,1,0,0,19,0,0
1,12,3,13,3,1,0,0,29,0,1
1,4,1,22,27,0,0,0,41,0,0
1,12,1,13,28,1,0,0,19,0,1
1,5,1,1,28,0,0,0,19,0,0
4,12,3,3,14,0,0,0,43,0,1
1,8,1,23,27,1,0,0,19,0,0
1,12,1,2,14,1,0,1,18,0,0
1,2,1,3,3,1,0,1,19,0,1
2,3,12,19,24,0,0,1,38,0,1
2,8,2,13,14,1,0,1,37,0,1
1,14,1,1,14,1,0,0,26,0,0
1,6,1,1,14,1,0,0,18,0,0
1,16,1,3,14,0,0,0,18,0,0
1,6,1,3,1,0,0,0,18,0,0
1,10,1,23,1,0,0,0,19,0,0
1,15,1,13,14,1,0,0,18,0,0
1,10,1,23,28,0,0,0,19,0,0
1,12,1,13,28,0,0,0,19,0,1
1,11,1,13,1,1,0,0,18,0,0
2,12,1,1,1,0,0,0,18,0,0
1,12,1,23,27,1,0,0,20,0,0
1,13,16,1,14,0,0,0,22,0,0
1,8,1,19,1,0,0,0,18,0,1
1,11,1,23,14,1,0,0,19,0,0
1,11,1,22,27,1,0,0,20,0,1
1,15,1,22,27,1,1,0,20,0,0
1,6,1,3,14,0,0,0,28,0,1
1,6,1,1,1,0,0,0,19,0,0
1,6,1,1,3,1,0,0,19,0,0
1,15,1,13,14,1,0,0,18,0,1
1,8,1,5,33,1,0,0,18,0,0
1,8,1,2,1,1,0,0,22,0,0
1,6,16,1,14,0,0,0,20,0,0
1,17,1,1,27,0,0,0,24,0,0
1,13,1,13,28,1,0,0,20,0,0
2,3,3,23,1,0,0,0,35,0,1
1,14,1,1,1,0,0,0,18,0,0
1,10,1,2,3,1,0,0,19,0,0
1,12,1,3,3,0,0,0,18,0,0
1,11,1,1,28,1,0,0,18,0,1
1,10,1,13,14,0,0,0,19,0,0
1,12,1,23,27,1,0,0,20,0,0
1,6,1,13,28,0,0,0,21,0,1
1,12,1,13,28,1,0,0,18,0,0
1,5,1,19,1,1,0,0,18,0,1
2,17,1,23,14,0,0,0,33,0,0
1,2,1,22,27,1,0,0,18,0,1
1,17,3,3,14,0,0,0,28,0,0
2,9,1,1,14,0,0,0,29,0,1
1,8,14,1,27,1,0,0,36,0,1
1,3,12,22,27,0,0,0,32,0,0
2,3,10,19,24,0,0,0,34,0,1
2,3,1,19,24,0,0,0,33,0,0
1,17,1,22,28,0,0,0,29,0,1
1,12,1,1,1,0,0,0,18,0,1
1,15,1,22,28,0,0,0,18,0,0
2,10,3,22,14,0,0,0,38,0,0
1,12,1,23,27,1,0,0,19,0,0
4,3,12,22,27,0,0,0,39,0,0
1,17,3,22,27,0,0,0,37,0,0
1,13,1,22,27,1,0,0,32,0,1
1,10,1,23,24,0,0,0,18,0,1
1,5,1,22,27,1,0,0,20,0,0
1,6,1,22,27,1,0,0,23,0,0
1,10,1,22,28,0,0,0,18,0,0
1,9,1,23,14,1,0,1,19,0,0
1,15,1,1,28,1,0,0,20,0,0
1,12,1,22,14,1,0,0,19,0,1
1,12,1,22,28,1,0,0,19,0,0
1,10,1,1,14,0,0,0,18,0,0
1,12,1,23,14,1,0,0,20,0,0
1,12,1,13,27,1,0,0,20,0,0
4,12,1,23,27,1,0,0,24,0,0
4,13,1,23,27,1,0,0,24,0,1
1,15,1,2,1,1,0,0,20,0,0
1,12,1,1,27,0,0,0,18,0,0
1,6,1,2,1,1,0,0,21,0,0
1,16,1,1,28,1,0,0,18,0,0
1,12,1,13,1,1,0,0,19,0,0
1,6,15,1,1,1,0,0,22,0,0
1,10,1,13,14,1,0,0,19,0,0
1,12,1,22,27,1,0,0,18,1,0
1,3,1,23,28,0,0,0,34,0,0
1,6,1,23,28,1,0,0,19,0,0
1,12,1,22,27,1,0,0,18,0,0
1,12,1,22,27,1,0,0,19,0,0
1,12,1,13,1,0,0,0,25,0,0
1,10,1,19,28,0,0,0,18,0,0
1,3,1,23,28,1,0,0,28,0,0
5,12,1,1,28,0,0,0,18,0,0
2,11,1,22,27,0,0,0,41,0,0
1,16,1,22,27,0,0,0,18,0,1
1,10,1,23,14,0,0,0,21,0,0
4,10,15,19,24,0,0,0,41,0,1
1,5,3,3,5,1,0,0,32,0,1
1,3,9,19,24,0,0,0,29,0,0
1,10,1,13,1,0,0,0,21,0,1
2,12,12,22,28,1,0,0,39,0,1
1,12,1,23,27,0,0,0,21,0,0
1,15,1,19,18,1,0,0,18,0,0
1,4,1,22,27,0,0,0,34,0,0
1,6,1,8,14,1,0,0,18,0,0
1,16,1,22,14,1,0,0,18,0,1
1,6,1,3,14,1,0,0,19,0,0
1,8,1,3,1,1,0,0,19,0,1
1,12,1,3,27,1,0,0,19,0,0
1,14,1,13,14,1,0,0,18,0,0
1,17,14,22,27,1,0,0,23,0,0
4,16,1,13,16,0,0,0,33,1,1
1,10,1,13,28,1,0,0,19,0,0
1,2,1,22,28,1,0,0,21,0,1
1,12,1,13,14,0,0,0,18,0,0
1,5,1,13,28,1,0,0,19,0,0
1,15,1,19,28,1,0,0,20,0,0
1,15,1,22,27,1,0,0,20,0,1
1,12,1,22,27,1,0,0,20,0,0
1,10,1,22,27,0,0,0,21,0,0
1,12,1,23,14,1,0,0,19,0,0
1,11,1,13,1,1,0,0,18,0,0
1,12,1,13,28,1,0,0,21,0,0
1,12,1,3,14,1,0,0,18,0,0
1,16,1,22,27,0,0,0,28,0,1
1,13,1,29,30,0,0,0,36,0,1
1,6,1,23,28,1,0,0,20,0,0
1,10,1,23,28,1,0,0,19,0,0
2,3,1,22,28,0,0,0,28,0,0
1,14,1,22,1,0,0,0,20,0,0
1,11,1,23,27,1,0,0,28,0,0
1,17,14,22,27,0,0,0,24,0,1
1,11,1,1,4,0,0,0,18,0,0
1,9,1,23,28,1,0,0,22,0,1
1,11,1,22,27,1,0,0,18,0,0
1,12,1,13,27,0,0,0,21,0,0
1,15,1,1,1,1,0,0,19,0,0
1,12,1,23,28,1,0,0,20,0,0
1,9,1,22,27,0,0,0,20,0,0
1,3,1,22,27,1,0,0,19,0,0
1,5,1,13,28,1,0,0,20,0,0
1,10,1,19,28,1,0,0,20,0,1
1,12,1,1,27,1,0,0,19,0,0
1,11,1,13,14,1,0,0,18,0,0
1,12,1,23,27,0,0,0,18,0,0
1,2,1,1,28,1,0,0,19,0,1
1,9,1,22,27,0,0,1,20,1,0
1,11,1,13,1,0,0,0,22,0,0
1,10,1,13,27,1,0,0,18,0,0
1,15,1,1,1,1,0,0,19,0,0
1,10,1,13,27,0,0,0,20,0,0
1,12,1,23,27,1,0,0,19,0,0
1,2,1,13,27,1,0,0,18,0,1
1,15,1,1,27,1,0,0,20,0,1
1,15,1,1,2,1,0,0,19,0,0
1,10,1,22,27,1,0,0,18,0,0
1,14,1,19,28,0,0,0,22,0,1
1,10,1,22,27,0,0,0,18,0,0
1,10,1,13,1,1,0,0,20,0,0
1,11,1,13,28,1,0,0,19,0,0
1,12,1,23,14,0,0,0,19,0,0
1,10,14,23,14,0,0,0,21,0,0
1,3,1,13,1,1,0,0,19,0,1
1,10,1,23,1,1,0,0,19,0,0
2,6,1,21,26,0,0,0,28,0,1
2,12,1,3,3,0,0,0,28,0,0
1,14,1,1,28,0,0,0,19,0,1
1,12,1,23,28,1,0,0,19,0,0
1,15,1,23,14,1,0,1,20,0,0
1,6,1,23,14,0,0,1,20,0,1
1,6,15,3,2,1,0,0,27,0,0
1,6,1,1,1,0,0,0,22,0,0
1,12,1,22,27,1,0,0,19,0,1
1,10,1,13,28,1,0,0,19,0,1
1,2,1,3,3,1,0,0,19,0,1
1,16,1,13,27,1,0,0,20,0,1
2,17,1,23,14,0,0,0,39,0,1
2,3,12,22,27,0,0,0,37,0,0
2,12,3,1,1,0,0,0,30,0,1
2,17,3,22,27,0,0,0,41,0,0
4,12,12,22,27,0,0,0,40,0,1
1,9,1,7,16,0,0,0,20,0,1
2,17,1,13,14,0,0,0,28,0,0
1,16,1,13,27,1,0,0,19,0,1
1,14,1,22,27,1,0,0,23,0,1
1,3,4,2,3,0,0,0,18,0,1
1,12,1,1,14,0,0,0,24,0,0
1,12,1,13,14,1,0,0,19,0,0
1,15,1,22,14,1,0,0,19,0,1
1,4,1,22,27,0,0,0,48,0,1
2,17,2,22,27,0,0,0,38,0,1
1,9,1,1,27,0,0,0,19,0,0
2,17,9,22,1,0,0,1,30,0,1
1,4,14,22,14,0,0,1,24,0,0
1,15,1,1,14,1,0,1,19,0,0
1,11,1,1,1,1,0,1,21,0,0
1,17,1,5,1,0,0,1,19,0,1
1,5,1,22,28,0,0,1,18,0,0
1,7,1,1,3,1,0,1,19,0,1
1,12,1,1,14,0,0,1,19,0,0
5,9,1,1,14,0,0,1,29,0,1
1,7,1,13,27,1,0,1,21,0,1
1,15,1,1,1,1,0,1,18,0,0
1,11,1,13,1,0,0,1,20,0,1
1,17,1,13,27,0,0,1,27,0,1
1,9,1,22,27,1,0,1,20,0,1
1,9,12,23,14,0,0,1,28,0,1
1,6,1,22,14,1,0,1,20,0,0
1,6,14,1,1,0,0,1,21,0,0
1,4,14,1,3,1,0,1,23,0,1
1,10,1,13,1,1,0,1,18,0,0
1,2,1,1,10,1,0,1,20,0,0
1,2,1,1,28,1,0,1,19,0,0
2,12,3,1,1,0,0,1,32,0,0
1,11,1,13,14,1,0,1,20,0,1
1,4,1,23,27,0,0,1,32,0,0
1,5,14,1,28,1,1,1,21,0,0
1,15,1,23,27,0,0,1,19,0,0
1,17,14,13,14,0,0,1,24,0,1
1,9,1,23,28,0,0,1,18,0,1
1,4,14,1,27,1,0,1,20,0,0
1,2,14,23,27,0,0,1,25,0,1
1,9,1,22,27,1,0,1,25,0,1
1,15,1,1,1,1,0,1,18,0,1
1,9,1,13,1,1,0,1,19,0,1
1,9,1,13,3,1,0,1,18,0,1
1,9,1,13,1,0,0,1,25,0,1
1,2,1,19,24,1,0,1,38,0,1
1,2,14,1,1,0,0,1,19,0,1
1,15,1,1,14,1,0,1,19,0,0
1,6,14,23,27,1,0,1,22,0,0
1,17,3,13,14,0,0,1,32,0,1
1,16,1,2,29,0,0,1,37,0,0
1,7,1,22,27,1,0,1,21,0,1
1,11,1,1,3,1,0,1,18,0,1
1,5,1,28,3,1,0,1,19,0,0
1,14,1,1,14,0,0,1,19,0,0
1,2,1,1,1,1,0,0,19,1,0
1,15,1,13,28,1,0,1,19,0,0
1,15,1,1,1,1,0,0,19,1,1
1,17,12,22,27,0,0,0,28,0,1
1,12,1,13,14,0,0,0,19,0,0
2,3,3,13,28,0,0,0,32,0,0
1,3,14,13,27,0,0,0,26,0,1
2,9,9,22,27,0,0,0,25,0,1
2,16,1,23,22,0,0,0,31,0,1
1,10,1,22,1,1,0,0,20,0,0
1,10,1,1,27,1,0,0,19,0,1
1,2,1,22,14,1,0,0,23,0,1
1,10,1,22,1,1,0,0,18,0,0
1,10,1,13,28,1,0,0,19,0,1
1,11,1,23,14,0,0,0,18,0,0
1,6,1,1,14,1,0,0,24,0,0
1,12,1,3,27,1,0,0,25,0,0
1,6,1,2,3,0,0,0,20,0,0
1,12,1,13,27,1,0,0,18,0,0
1,14,1,19,24,1,0,0,24,0,1
1,10,1,23,27,0,0,0,21,0,1
1,15,1,1,14,1,0,0,18,0,0
1,11,1,10,14,1,0,0,20,0,1
1,9,1,1,1,1,0,0,19,0,1
1,12,1,3,1,1,0,0,20,0,0
1,12,1,23,14,1,0,0,20,0,0
1,6,14,3,1,1,0,0,20,0,0
1,5,1,1,1,1,0,0,20,0,0
1,16,1,23,28,1,0,0,18,0,1
1,2,1,3,1,1,0,0,18,0,0
1,6,1,4,14,1,0,0,18,0,0
1,6,12,22,27,0,0,0,35,0,1
1,3,1,13,27,0,0,0,31,0,1
1,11,1,22,27,1,0,0,19,0,1
1,10,1,1,14,1,0,0,19,0,0
1,12,1,13,27,1,0,0,19,0,0
1,12,1,3,3,0,0,0,19,0,0
1,6,1,1,28,0,0,0,21,0,0
1,16,1,19,24,0,0,0,18,0,1
1,2,1,23,28,1,0,1,19,0,0
1,14,1,3,14,1,0,1,18,0,0
1,6,1,13,14,1,0,1,18,0,0
1,17,1,22,27,1,0,1,25,0,1
1,2,1,1,3,1,0,1,19,0,0
1,12,1,23,14,1,0,1,18,0,0
1,4,1,10,10,0,0,1,24,0,1
5,12,15,22,27,0,0,0,29,0,0
1,17,1,22,27,1,0,0,27,0,1
1,12,1,23,1,1,0,0,18,0,0
2,17,1,22,27,0,0,0,28,0,1
2,16,12,22,27,0,0,0,32,0,0
1,17,1,22,27,0,0,0,30,0,1
1,12,2,23,27,0,0,0,29,0,1
1,12,1,1,1,0,0,0,19,0,0
1,3,1,22,27,0,0,0,29,0,0
2,10,1,22,24,0,0,0,27,0,1
1,10,1,13,14,0,0,0,19,0,1
1,14,1,22,28,1,0,0,21,0,1
2,17,1,22,27,0,0,0,29,0,1
2,9,2,22,27,0,0,0,42,0,1
1,10,1,13,14,0,0,0,18,0,0
1,6,1,23,28,1,0,0,24,0,0
1,17,1,23,28,0,0,0,27,0,0
1,12,1,23,1,1,0,0,18,0,0
1,15,1,19,24,1,0,0,19,0,1
1,15,1,13,27,1,0,0,18,0,0
1,9,1,23,28,0,1,0,26,0,0
1,11,1,22,14,1,0,0,22,0,0
2,17,1,22,27,0,0,1,37,0,1
1,6,3,13,27,0,0,1,24,0,1
1,12,1,1,1,1,0,1,19,0,0
2,8,12,2,1,1,0,1,28,0,1
1,12,1,22,27,1,0,1,18,0,0
1,15,1,1,14,1,0,1,18,0,0
2,15,1,22,27,0,0,1,47,0,1
2,17,1,22,27,0,0,1,38,0,0
1,5,1,22,14,0,0,1,20,0,0
1,8,14,22,27,1,0,1,21,0,1
1,8,1,3,28,1,0,0,18,0,0
4,12,12,22,27,0,0,0,46,0,1
1,12,1,23,28,0,0,0,23,0,0
1,5,1,1,1,1,0,0,20,0,0
1,5,14,3,28,0,0,1,20,0,0
1,15,1,1,1,0,0,1,19,0,0
1,15,1,1,1,1,0,0,18,1,1
1,12,1,22,27,1,0,0,30,0,1
1,9,1,22,27,1,0,0,20,0,0
1,15,1,23,27,1,0,0,22,1,0
